[
{
  "model": "auth.permission",
  "fields": {
    "name": "Can add log entry",
    "content_type": [
      "admin",
      "logentry"
    ],
    "codename": "add_logentry"
  }
},
{
  "model": "auth.permission",
  "fields": {
    "name": "Can change log entry",
    "content_type": [
      "admin",
      "logentry"
    ],
    "codename": "change_logentry"
  }
},
{
  "model": "auth.permission",
  "fields": {
    "name": "Can delete log entry",
    "content_type": [
      "admin",
      "logentry"
    ],
    "codename": "delete_logentry"
  }
},
{
  "model": "auth.permission",
  "fields": {
    "name": "Can add permission",
    "content_type": [
      "auth",
      "permission"
    ],
    "codename": "add_permission"
  }
},
{
  "model": "auth.permission",
  "fields": {
    "name": "Can change permission",
    "content_type": [
      "auth",
      "permission"
    ],
    "codename": "change_permission"
  }
},
{
  "model": "auth.permission",
  "fields": {
    "name": "Can delete permission",
    "content_type": [
      "auth",
      "permission"
    ],
    "codename": "delete_permission"
  }
},
{
  "model": "auth.permission",
  "fields": {
    "name": "Can add group",
    "content_type": [
      "auth",
      "group"
    ],
    "codename": "add_group"
  }
},
{
  "model": "auth.permission",
  "fields": {
    "name": "Can change group",
    "content_type": [
      "auth",
      "group"
    ],
    "codename": "change_group"
  }
},
{
  "model": "auth.permission",
  "fields": {
    "name": "Can delete group",
    "content_type": [
      "auth",
      "group"
    ],
    "codename": "delete_group"
  }
},
{
  "model": "auth.permission",
  "fields": {
    "name": "Can add user",
    "content_type": [
      "auth",
      "user"
    ],
    "codename": "add_user"
  }
},
{
  "model": "auth.permission",
  "fields": {
    "name": "Can change user",
    "content_type": [
      "auth",
      "user"
    ],
    "codename": "change_user"
  }
},
{
  "model": "auth.permission",
  "fields": {
    "name": "Can delete user",
    "content_type": [
      "auth",
      "user"
    ],
    "codename": "delete_user"
  }
},
{
  "model": "auth.permission",
  "fields": {
    "name": "Can add content type",
    "content_type": [
      "contenttypes",
      "contenttype"
    ],
    "codename": "add_contenttype"
  }
},
{
  "model": "auth.permission",
  "fields": {
    "name": "Can change content type",
    "content_type": [
      "contenttypes",
      "contenttype"
    ],
    "codename": "change_contenttype"
  }
},
{
  "model": "auth.permission",
  "fields": {
    "name": "Can delete content type",
    "content_type": [
      "contenttypes",
      "contenttype"
    ],
    "codename": "delete_contenttype"
  }
},
{
  "model": "auth.permission",
  "fields": {
    "name": "Can add session",
    "content_type": [
      "sessions",
      "session"
    ],
    "codename": "add_session"
  }
},
{
  "model": "auth.permission",
  "fields": {
    "name": "Can change session",
    "content_type": [
      "sessions",
      "session"
    ],
    "codename": "change_session"
  }
},
{
  "model": "auth.permission",
  "fields": {
    "name": "Can delete session",
    "content_type": [
      "sessions",
      "session"
    ],
    "codename": "delete_session"
  }
},
{
  "model": "auth.permission",
  "fields": {
    "name": "Can add user",
    "content_type": [
      "glosario",
      "user"
    ],
    "codename": "add_user"
  }
},
{
  "model": "auth.permission",
  "fields": {
    "name": "Can change user",
    "content_type": [
      "glosario",
      "user"
    ],
    "codename": "change_user"
  }
},
{
  "model": "auth.permission",
  "fields": {
    "name": "Can delete user",
    "content_type": [
      "glosario",
      "user"
    ],
    "codename": "delete_user"
  }
},
{
  "model": "auth.permission",
  "fields": {
    "name": "Can add chapter",
    "content_type": [
      "glosario",
      "chapter"
    ],
    "codename": "add_chapter"
  }
},
{
  "model": "auth.permission",
  "fields": {
    "name": "Can change chapter",
    "content_type": [
      "glosario",
      "chapter"
    ],
    "codename": "change_chapter"
  }
},
{
  "model": "auth.permission",
  "fields": {
    "name": "Can delete chapter",
    "content_type": [
      "glosario",
      "chapter"
    ],
    "codename": "delete_chapter"
  }
},
{
  "model": "auth.permission",
  "fields": {
    "name": "Can create chapter",
    "content_type": [
      "glosario",
      "chapter"
    ],
    "codename": "can_create_chapter"
  }
},
{
  "model": "auth.permission",
  "fields": {
    "name": "Can add theme",
    "content_type": [
      "glosario",
      "theme"
    ],
    "codename": "add_theme"
  }
},
{
  "model": "auth.permission",
  "fields": {
    "name": "Can change theme",
    "content_type": [
      "glosario",
      "theme"
    ],
    "codename": "change_theme"
  }
},
{
  "model": "auth.permission",
  "fields": {
    "name": "Can delete theme",
    "content_type": [
      "glosario",
      "theme"
    ],
    "codename": "delete_theme"
  }
},
{
  "model": "auth.permission",
  "fields": {
    "name": "Can create theme",
    "content_type": [
      "glosario",
      "theme"
    ],
    "codename": "can_create_theme"
  }
},
{
  "model": "auth.permission",
  "fields": {
    "name": "Can add english_ entry",
    "content_type": [
      "glosario",
      "english_entry"
    ],
    "codename": "add_english_entry"
  }
},
{
  "model": "auth.permission",
  "fields": {
    "name": "Can change english_ entry",
    "content_type": [
      "glosario",
      "english_entry"
    ],
    "codename": "change_english_entry"
  }
},
{
  "model": "auth.permission",
  "fields": {
    "name": "Can delete english_ entry",
    "content_type": [
      "glosario",
      "english_entry"
    ],
    "codename": "delete_english_entry"
  }
},
{
  "model": "auth.permission",
  "fields": {
    "name": "Can create entry",
    "content_type": [
      "glosario",
      "english_entry"
    ],
    "codename": "can_create_entry"
  }
},
{
  "model": "auth.permission",
  "fields": {
    "name": "Can edit entry",
    "content_type": [
      "glosario",
      "english_entry"
    ],
    "codename": "can_edit_entry"
  }
},
{
  "model": "auth.permission",
  "fields": {
    "name": "Can add english_ alternative",
    "content_type": [
      "glosario",
      "english_alternative"
    ],
    "codename": "add_english_alternative"
  }
},
{
  "model": "auth.permission",
  "fields": {
    "name": "Can change english_ alternative",
    "content_type": [
      "glosario",
      "english_alternative"
    ],
    "codename": "change_english_alternative"
  }
},
{
  "model": "auth.permission",
  "fields": {
    "name": "Can delete english_ alternative",
    "content_type": [
      "glosario",
      "english_alternative"
    ],
    "codename": "delete_english_alternative"
  }
},
{
  "model": "auth.permission",
  "fields": {
    "name": "Can add spanish_ entry",
    "content_type": [
      "glosario",
      "spanish_entry"
    ],
    "codename": "add_spanish_entry"
  }
},
{
  "model": "auth.permission",
  "fields": {
    "name": "Can change spanish_ entry",
    "content_type": [
      "glosario",
      "spanish_entry"
    ],
    "codename": "change_spanish_entry"
  }
},
{
  "model": "auth.permission",
  "fields": {
    "name": "Can delete spanish_ entry",
    "content_type": [
      "glosario",
      "spanish_entry"
    ],
    "codename": "delete_spanish_entry"
  }
},
{
  "model": "auth.permission",
  "fields": {
    "name": "Can add spanish_ alternative",
    "content_type": [
      "glosario",
      "spanish_alternative"
    ],
    "codename": "add_spanish_alternative"
  }
},
{
  "model": "auth.permission",
  "fields": {
    "name": "Can change spanish_ alternative",
    "content_type": [
      "glosario",
      "spanish_alternative"
    ],
    "codename": "change_spanish_alternative"
  }
},
{
  "model": "auth.permission",
  "fields": {
    "name": "Can delete spanish_ alternative",
    "content_type": [
      "glosario",
      "spanish_alternative"
    ],
    "codename": "delete_spanish_alternative"
  }
},
{
  "model": "auth.permission",
  "fields": {
    "name": "Can add comment",
    "content_type": [
      "glosario",
      "comment"
    ],
    "codename": "add_comment"
  }
},
{
  "model": "auth.permission",
  "fields": {
    "name": "Can change comment",
    "content_type": [
      "glosario",
      "comment"
    ],
    "codename": "change_comment"
  }
},
{
  "model": "auth.permission",
  "fields": {
    "name": "Can delete comment",
    "content_type": [
      "glosario",
      "comment"
    ],
    "codename": "delete_comment"
  }
},
{
  "model": "auth.permission",
  "fields": {
    "name": "Can write comment",
    "content_type": [
      "glosario",
      "comment"
    ],
    "codename": "can_write_comment"
  }
},
{
  "model": "auth.group",
  "fields": {
    "name": "Registrados",
    "permissions": [
      [
        "can_write_comment",
        "glosario",
        "comment"
      ]
    ]
  }
},
{
  "model": "auth.group",
  "fields": {
    "name": "Privilegiados",
    "permissions": [
      [
        "can_write_comment",
        "glosario",
        "comment"
      ],
      [
        "can_edit_entry",
        "glosario",
        "english_entry"
      ]
    ]
  }
},
{
  "model": "auth.group",
  "fields": {
    "name": "Administradores",
    "permissions": [
      [
        "can_create_chapter",
        "glosario",
        "chapter"
      ],
      [
        "can_write_comment",
        "glosario",
        "comment"
      ],
      [
        "can_create_entry",
        "glosario",
        "english_entry"
      ],
      [
        "can_edit_entry",
        "glosario",
        "english_entry"
      ],
      [
        "can_create_theme",
        "glosario",
        "theme"
      ]
    ]
  }
},
{
  "model": "auth.user",
  "fields": {
    "password": "pbkdf2_sha256$36000$ysUGWhY5OkU7$myx0iZ+N8+V78yI0OWFy989K1IBURGpKjcxrgFmjEKc=",
    "last_login": null,
    "is_superuser": true,
    "username": "alejoadmin",
    "first_name": "",
    "last_name": "",
    "email": "alejo@gmail.com",
    "is_staff": true,
    "is_active": true,
    "date_joined": "2017-09-12T01:15:17.896Z",
    "groups": [],
    "user_permissions": []
  }
},
{
  "model": "auth.user",
  "fields": {
    "password": "pbkdf2_sha256$36000$IhQFeBcQs6EA$HQ0KzVjDWufxKLy98MKDxI+tqlybUqpGiKpCTbY/LYY=",
    "last_login": "2017-09-18T15:25:42.230Z",
    "is_superuser": true,
    "username": "alejandro",
    "first_name": "",
    "last_name": "",
    "email": "alejandro@gmail.com",
    "is_staff": true,
    "is_active": true,
    "date_joined": "2017-09-12T01:29:50.904Z",
    "groups": [],
    "user_permissions": []
  }
},
{
  "model": "auth.user",
  "fields": {
    "password": "pbkdf2_sha256$36000$EqevVEbggVtA$u4t6pWhbNx3PZ5B5hlECXmY+/TbgEpr6OhVwQwPPzOU=",
    "last_login": "2017-09-12T05:03:26.781Z",
    "is_superuser": false,
    "username": "usuarioprivilegiado",
    "first_name": "",
    "last_name": "",
    "email": "",
    "is_staff": false,
    "is_active": true,
    "date_joined": "2017-09-12T05:01:56Z",
    "groups": [
      [
        "Privilegiados"
      ]
    ],
    "user_permissions": []
  }
},
{
  "model": "auth.user",
  "fields": {
    "password": "pbkdf2_sha256$36000$T6z5mKKmgvz8$GKvPo2Z9gnsxmXXDSlKqIzESgb0wUaOSj215GrT9OGs=",
    "last_login": "2017-09-12T05:06:10.685Z",
    "is_superuser": false,
    "username": "usuarioregistrado",
    "first_name": "",
    "last_name": "",
    "email": "",
    "is_staff": false,
    "is_active": true,
    "date_joined": "2017-09-12T05:05:32.472Z",
    "groups": [
      [
        "Registrados"
      ]
    ],
    "user_permissions": []
  }
},
{
  "model": "auth.user",
  "fields": {
    "password": "pbkdf2_sha256$36000$aaMJ8YNaEEjy$hBRlGxqOwhwtsBq9oCsmW7N8qygBwGq2vNAaHDcvHY0=",
    "last_login": "2017-09-12T05:16:48.325Z",
    "is_superuser": false,
    "username": "usuarioadmin",
    "first_name": "",
    "last_name": "",
    "email": "",
    "is_staff": false,
    "is_active": true,
    "date_joined": "2017-09-12T05:08:21Z",
    "groups": [
      [
        "Administradores"
      ]
    ],
    "user_permissions": []
  }
},
{
  "model": "auth.user",
  "fields": {
    "password": "pbkdf2_sha256$36000$7Ddy1U4phetX$un0L1RsHItjPRmL/mEhSQu16ws4DZ+3+xFMwekvgt+Y=",
    "last_login": "2017-09-14T19:04:23.455Z",
    "is_superuser": false,
    "username": "Oswaldo_Mesias",
    "first_name": "",
    "last_name": "",
    "email": "oswaldo.mesias.ec@ieee.org",
    "is_staff": false,
    "is_active": true,
    "date_joined": "2017-09-14T00:14:57Z",
    "groups": [
      [
        "Administradores"
      ]
    ],
    "user_permissions": []
  }
},
{
  "model": "auth.user",
  "fields": {
    "password": "pbkdf2_sha256$36000$qWZcJwi3J9Rb$1LkV2fm1XjjHezZNugC+ik+cesz/wmkuIBB9GULvoQQ=",
    "last_login": "2017-09-14T00:19:57.645Z",
    "is_superuser": false,
    "username": "testad",
    "first_name": "",
    "last_name": "",
    "email": "",
    "is_staff": false,
    "is_active": true,
    "date_joined": "2017-09-14T00:18:25.786Z",
    "groups": [
      [
        "Registrados"
      ]
    ],
    "user_permissions": []
  }
},
{
  "model": "sessions.session",
  "pk": "110g31h1q6irg198nj80675qk85oyxsb",
  "fields": {
    "session_data": "OGI5NGNhNGJiMDRjYWJhM2MyMjE5MTRhYmE4ZGY5NzBlZjQwZmVkYjp7Il9hdXRoX3VzZXJfaWQiOiIxMSIsIl9hdXRoX3VzZXJfYmFja2VuZCI6ImRqYW5nby5jb250cmliLmF1dGguYmFja2VuZHMuTW9kZWxCYWNrZW5kIiwiX2F1dGhfdXNlcl9oYXNoIjoiYjk1NDRhZTQxY2NmOWI2NzY0NTQ2YzAwYzhiOGE5MmUxNTQ2M2I3ZiJ9",
    "expire_date": "2017-09-28T00:22:09.413Z"
  }
},
{
  "model": "sessions.session",
  "pk": "uyhvn6l7dvsvdw24k7epelss7oa7vtbz",
  "fields": {
    "session_data": "OGI5NGNhNGJiMDRjYWJhM2MyMjE5MTRhYmE4ZGY5NzBlZjQwZmVkYjp7Il9hdXRoX3VzZXJfaWQiOiIxMSIsIl9hdXRoX3VzZXJfYmFja2VuZCI6ImRqYW5nby5jb250cmliLmF1dGguYmFja2VuZHMuTW9kZWxCYWNrZW5kIiwiX2F1dGhfdXNlcl9oYXNoIjoiYjk1NDRhZTQxY2NmOWI2NzY0NTQ2YzAwYzhiOGE5MmUxNTQ2M2I3ZiJ9",
    "expire_date": "2017-09-26T01:31:28.641Z"
  }
},
{
  "model": "sessions.session",
  "pk": "vs1qahhn9guoxd130lrztectgcriftmq",
  "fields": {
    "session_data": "OGI5NGNhNGJiMDRjYWJhM2MyMjE5MTRhYmE4ZGY5NzBlZjQwZmVkYjp7Il9hdXRoX3VzZXJfaWQiOiIxMSIsIl9hdXRoX3VzZXJfYmFja2VuZCI6ImRqYW5nby5jb250cmliLmF1dGguYmFja2VuZHMuTW9kZWxCYWNrZW5kIiwiX2F1dGhfdXNlcl9oYXNoIjoiYjk1NDRhZTQxY2NmOWI2NzY0NTQ2YzAwYzhiOGE5MmUxNTQ2M2I3ZiJ9",
    "expire_date": "2017-10-02T15:25:42.251Z"
  }
},
{
  "model": "glosario.chapter",
  "pk": 1,
  "fields": {
    "chapter_name": "Computer Science"
  }
},
{
  "model": "glosario.chapter",
  "pk": 2,
  "fields": {
    "chapter_name": "Networking"
  }
},
{
  "model": "glosario.chapter",
  "pk": 3,
  "fields": {
    "chapter_name": "Application Development"
  }
},
{
  "model": "glosario.chapter",
  "pk": 4,
  "fields": {
    "chapter_name": "Business Software"
  }
},
{
  "model": "glosario.chapter",
  "pk": 5,
  "fields": {
    "chapter_name": "Consumer Technology"
  }
},
{
  "model": "glosario.chapter",
  "pk": 6,
  "fields": {
    "chapter_name": "Data Center"
  }
},
{
  "model": "glosario.chapter",
  "pk": 7,
  "fields": {
    "chapter_name": "IT Management"
  }
},
{
  "model": "glosario.chapter",
  "pk": 8,
  "fields": {
    "chapter_name": "Security"
  }
},
{
  "model": "glosario.chapter",
  "pk": 9,
  "fields": {
    "chapter_name": "Storage and Data Management"
  }
},
{
  "model": "glosario.theme",
  "pk": 1,
  "fields": {
    "theme_name": "Electronics",
    "parent_chapter": 1
  }
},
{
  "model": "glosario.theme",
  "pk": 2,
  "fields": {
    "theme_name": "Data transmission",
    "parent_chapter": 2
  }
},
{
  "model": "glosario.theme",
  "pk": 17,
  "fields": {
    "theme_name": "Authentication",
    "parent_chapter": 8
  }
},
{
  "model": "glosario.theme",
  "pk": 18,
  "fields": {
    "theme_name": "Internet applications",
    "parent_chapter": 3
  }
},
{
  "model": "glosario.theme",
  "pk": 19,
  "fields": {
    "theme_name": "Apple",
    "parent_chapter": 3
  }
},
{
  "model": "glosario.theme",
  "pk": 20,
  "fields": {
    "theme_name": "Linux",
    "parent_chapter": 3
  }
},
{
  "model": "glosario.theme",
  "pk": 21,
  "fields": {
    "theme_name": "Software applications",
    "parent_chapter": 3
  }
},
{
  "model": "glosario.theme",
  "pk": 22,
  "fields": {
    "theme_name": "Microsoft",
    "parent_chapter": 3
  }
},
{
  "model": "glosario.theme",
  "pk": 23,
  "fields": {
    "theme_name": "Networking and communications",
    "parent_chapter": 2
  }
},
{
  "model": "glosario.theme",
  "pk": 24,
  "fields": {
    "theme_name": "Agile methodologies",
    "parent_chapter": 3
  }
},
{
  "model": "glosario.theme",
  "pk": 25,
  "fields": {
    "theme_name": "Java",
    "parent_chapter": 3
  }
},
{
  "model": "glosario.theme",
  "pk": 26,
  "fields": {
    "theme_name": "Operating systems",
    "parent_chapter": 3
  }
},
{
  "model": "glosario.theme",
  "pk": 28,
  "fields": {
    "theme_name": "Open source in AD",
    "parent_chapter": 3
  }
},
{
  "model": "glosario.theme",
  "pk": 32,
  "fields": {
    "theme_name": "Programming",
    "parent_chapter": 3
  }
},
{
  "model": "glosario.theme",
  "pk": 33,
  "fields": {
    "theme_name": "Software Development",
    "parent_chapter": 3
  }
},
{
  "model": "glosario.theme",
  "pk": 34,
  "fields": {
    "theme_name": "Web services - SOA",
    "parent_chapter": 3
  }
},
{
  "model": "glosario.theme",
  "pk": 35,
  "fields": {
    "theme_name": "Amazon Cloud Services",
    "parent_chapter": 4
  }
},
{
  "model": "glosario.theme",
  "pk": 36,
  "fields": {
    "theme_name": "Google - Android",
    "parent_chapter": 4
  }
},
{
  "model": "glosario.theme",
  "pk": 37,
  "fields": {
    "theme_name": "Microsoft - Windows",
    "parent_chapter": 4
  }
},
{
  "model": "glosario.theme",
  "pk": 38,
  "fields": {
    "theme_name": "Open Source in BS",
    "parent_chapter": 4
  }
},
{
  "model": "glosario.theme",
  "pk": 39,
  "fields": {
    "theme_name": "Oracle",
    "parent_chapter": 4
  }
},
{
  "model": "glosario.theme",
  "pk": 40,
  "fields": {
    "theme_name": "SAP",
    "parent_chapter": 4
  }
},
{
  "model": "glosario.theme",
  "pk": 41,
  "fields": {
    "theme_name": "Salesforce",
    "parent_chapter": 4
  }
},
{
  "model": "glosario.theme",
  "pk": 42,
  "fields": {
    "theme_name": "VMware",
    "parent_chapter": 4
  }
},
{
  "model": "glosario.theme",
  "pk": 43,
  "fields": {
    "theme_name": "Computing fundamentals",
    "parent_chapter": 1
  }
},
{
  "model": "glosario.theme",
  "pk": 44,
  "fields": {
    "theme_name": "IT standards and organizations",
    "parent_chapter": 1
  }
},
{
  "model": "glosario.theme",
  "pk": 45,
  "fields": {
    "theme_name": "Mathematics",
    "parent_chapter": 1
  }
},
{
  "model": "glosario.theme",
  "pk": 46,
  "fields": {
    "theme_name": "Microprocessors",
    "parent_chapter": 1
  }
},
{
  "model": "glosario.theme",
  "pk": 47,
  "fields": {
    "theme_name": "Nanotechnology",
    "parent_chapter": 1
  }
},
{
  "model": "glosario.theme",
  "pk": 48,
  "fields": {
    "theme_name": "Protocols",
    "parent_chapter": 1
  }
},
{
  "model": "glosario.theme",
  "pk": 49,
  "fields": {
    "theme_name": "Robotics",
    "parent_chapter": 1
  }
},
{
  "model": "glosario.theme",
  "pk": 50,
  "fields": {
    "theme_name": "Desktop PCs",
    "parent_chapter": 5
  }
},
{
  "model": "glosario.theme",
  "pk": 51,
  "fields": {
    "theme_name": "Internet acronyms and lingo",
    "parent_chapter": 5
  }
},
{
  "model": "glosario.theme",
  "pk": 52,
  "fields": {
    "theme_name": "Internet technologies",
    "parent_chapter": 5
  }
},
{
  "model": "glosario.theme",
  "pk": 53,
  "fields": {
    "theme_name": "Multimedia and graphics",
    "parent_chapter": 5
  }
},
{
  "model": "glosario.theme",
  "pk": 54,
  "fields": {
    "theme_name": "Peripherals",
    "parent_chapter": 5
  }
},
{
  "model": "glosario.theme",
  "pk": 55,
  "fields": {
    "theme_name": "Personal computing",
    "parent_chapter": 5
  }
},
{
  "model": "glosario.theme",
  "pk": 56,
  "fields": {
    "theme_name": "Printers",
    "parent_chapter": 5
  }
},
{
  "model": "glosario.theme",
  "pk": 57,
  "fields": {
    "theme_name": "Wireless and mobile",
    "parent_chapter": 5
  }
},
{
  "model": "glosario.theme",
  "pk": 58,
  "fields": {
    "theme_name": "Cloud computing",
    "parent_chapter": 6
  }
},
{
  "model": "glosario.theme",
  "pk": 59,
  "fields": {
    "theme_name": "Converged infrastructure",
    "parent_chapter": 6
  }
},
{
  "model": "glosario.theme",
  "pk": 60,
  "fields": {
    "theme_name": "Data center management",
    "parent_chapter": 6
  }
},
{
  "model": "glosario.theme",
  "pk": 61,
  "fields": {
    "theme_name": "Disaster recovery",
    "parent_chapter": 6
  }
},
{
  "model": "glosario.theme",
  "pk": 62,
  "fields": {
    "theme_name": "Hardware",
    "parent_chapter": 6
  }
},
{
  "model": "glosario.theme",
  "pk": 63,
  "fields": {
    "theme_name": "IT Operations",
    "parent_chapter": 6
  }
},
{
  "model": "glosario.theme",
  "pk": 64,
  "fields": {
    "theme_name": "Storage hardware",
    "parent_chapter": 6
  }
},
{
  "model": "glosario.theme",
  "pk": 65,
  "fields": {
    "theme_name": "Virtualization",
    "parent_chapter": 6
  }
},
{
  "model": "glosario.theme",
  "pk": 66,
  "fields": {
    "theme_name": "Business software",
    "parent_chapter": 7
  }
},
{
  "model": "glosario.theme",
  "pk": 67,
  "fields": {
    "theme_name": "Business terms",
    "parent_chapter": 7
  }
},
{
  "model": "glosario.theme",
  "pk": 68,
  "fields": {
    "theme_name": "Compliance",
    "parent_chapter": 7
  }
},
{
  "model": "glosario.theme",
  "pk": 69,
  "fields": {
    "theme_name": "Customer relationship management (CRM)",
    "parent_chapter": 7
  }
},
{
  "model": "glosario.theme",
  "pk": 70,
  "fields": {
    "theme_name": "Government IT",
    "parent_chapter": 7
  }
},
{
  "model": "glosario.theme",
  "pk": 71,
  "fields": {
    "theme_name": "Healthcare IT",
    "parent_chapter": 7
  }
},
{
  "model": "glosario.theme",
  "pk": 72,
  "fields": {
    "theme_name": "IT Procurement",
    "parent_chapter": 7
  }
},
{
  "model": "glosario.theme",
  "pk": 73,
  "fields": {
    "theme_name": "Network administration",
    "parent_chapter": 7
  }
},
{
  "model": "glosario.theme",
  "pk": 74,
  "fields": {
    "theme_name": "Project management",
    "parent_chapter": 7
  }
},
{
  "model": "glosario.theme",
  "pk": 75,
  "fields": {
    "theme_name": "Search engine optimization (SEO)",
    "parent_chapter": 7
  }
},
{
  "model": "glosario.theme",
  "pk": 76,
  "fields": {
    "theme_name": "Security management",
    "parent_chapter": 7
  }
},
{
  "model": "glosario.theme",
  "pk": 77,
  "fields": {
    "theme_name": "Software management",
    "parent_chapter": 7
  }
},
{
  "model": "glosario.theme",
  "pk": 78,
  "fields": {
    "theme_name": "Storage management",
    "parent_chapter": 7
  }
},
{
  "model": "glosario.theme",
  "pk": 79,
  "fields": {
    "theme_name": "Circuit switched services",
    "parent_chapter": 2
  }
},
{
  "model": "glosario.theme",
  "pk": 80,
  "fields": {
    "theme_name": "Email and messaging",
    "parent_chapter": 2
  }
},
{
  "model": "glosario.theme",
  "pk": 81,
  "fields": {
    "theme_name": "High-speed networks",
    "parent_chapter": 2
  }
},
{
  "model": "glosario.theme",
  "pk": 82,
  "fields": {
    "theme_name": "Internet of Things",
    "parent_chapter": 2
  }
},
{
  "model": "glosario.theme",
  "pk": 83,
  "fields": {
    "theme_name": "Local area networks",
    "parent_chapter": 2
  }
},
{
  "model": "glosario.theme",
  "pk": 84,
  "fields": {
    "theme_name": "Network hardware",
    "parent_chapter": 2
  }
},
{
  "model": "glosario.theme",
  "pk": 85,
  "fields": {
    "theme_name": "Network software",
    "parent_chapter": 2
  }
},
{
  "model": "glosario.theme",
  "pk": 86,
  "fields": {
    "theme_name": "Routing and switching",
    "parent_chapter": 2
  }
},
{
  "model": "glosario.theme",
  "pk": 87,
  "fields": {
    "theme_name": "Smart grid",
    "parent_chapter": 2
  }
},
{
  "model": "glosario.theme",
  "pk": 88,
  "fields": {
    "theme_name": "Telecom",
    "parent_chapter": 2
  }
},
{
  "model": "glosario.theme",
  "pk": 89,
  "fields": {
    "theme_name": "Voice over IP",
    "parent_chapter": 2
  }
},
{
  "model": "glosario.theme",
  "pk": 90,
  "fields": {
    "theme_name": "Wireless LANs",
    "parent_chapter": 2
  }
},
{
  "model": "glosario.theme",
  "pk": 91,
  "fields": {
    "theme_name": "Wireless technologies",
    "parent_chapter": 2
  }
},
{
  "model": "glosario.theme",
  "pk": 92,
  "fields": {
    "theme_name": "Application security",
    "parent_chapter": 8
  }
},
{
  "model": "glosario.theme",
  "pk": 93,
  "fields": {
    "theme_name": "Malware",
    "parent_chapter": 8
  }
},
{
  "model": "glosario.theme",
  "pk": 94,
  "fields": {
    "theme_name": "Network security",
    "parent_chapter": 8
  }
},
{
  "model": "glosario.theme",
  "pk": 95,
  "fields": {
    "theme_name": "Security threats and countermeasures",
    "parent_chapter": 8
  }
},
{
  "model": "glosario.theme",
  "pk": 96,
  "fields": {
    "theme_name": "Spyware",
    "parent_chapter": 8
  }
},
{
  "model": "glosario.theme",
  "pk": 97,
  "fields": {
    "theme_name": "Backup and recovery",
    "parent_chapter": 9
  }
},
{
  "model": "glosario.theme",
  "pk": 98,
  "fields": {
    "theme_name": "Business intelligence and analytics",
    "parent_chapter": 9
  }
},
{
  "model": "glosario.theme",
  "pk": 99,
  "fields": {
    "theme_name": "Content management",
    "parent_chapter": 9
  }
},
{
  "model": "glosario.theme",
  "pk": 100,
  "fields": {
    "theme_name": "Customer data management",
    "parent_chapter": 9
  }
},
{
  "model": "glosario.theme",
  "pk": 101,
  "fields": {
    "theme_name": "Data and data management",
    "parent_chapter": 9
  }
},
{
  "model": "glosario.theme",
  "pk": 102,
  "fields": {
    "theme_name": "Data deduplication",
    "parent_chapter": 9
  }
},
{
  "model": "glosario.theme",
  "pk": 103,
  "fields": {
    "theme_name": "Database",
    "parent_chapter": 9
  }
},
{
  "model": "glosario.theme",
  "pk": 104,
  "fields": {
    "theme_name": "Network-attached storage",
    "parent_chapter": 9
  }
},
{
  "model": "glosario.theme",
  "pk": 105,
  "fields": {
    "theme_name": "Storage-area network",
    "parent_chapter": 9
  }
},
{
  "model": "glosario.english_entry",
  "pk": 2,
  "fields": {
    "english_word": "Quadrature Amplitude Modulation",
    "parent_theme": [
      2
    ],
    "english_related": []
  }
},
{
  "model": "glosario.english_entry",
  "pk": 52,
  "fields": {
    "english_word": "skin effect",
    "parent_theme": [
      1
    ],
    "english_related": []
  }
},
{
  "model": "glosario.english_entry",
  "pk": 53,
  "fields": {
    "english_word": "Amplitude Modulation",
    "parent_theme": [
      1
    ],
    "english_related": [
      78,
      79
    ]
  }
},
{
  "model": "glosario.english_entry",
  "pk": 54,
  "fields": {
    "english_word": "Frequency Modulation",
    "parent_theme": [
      1
    ],
    "english_related": [
      73
    ]
  }
},
{
  "model": "glosario.english_entry",
  "pk": 55,
  "fields": {
    "english_word": "Phase-shift Keying",
    "parent_theme": [
      1
    ],
    "english_related": [
      73
    ]
  }
},
{
  "model": "glosario.english_entry",
  "pk": 56,
  "fields": {
    "english_word": "simplex",
    "parent_theme": [
      23
    ],
    "english_related": []
  }
},
{
  "model": "glosario.english_entry",
  "pk": 57,
  "fields": {
    "english_word": "authentication",
    "parent_theme": [
      17
    ],
    "english_related": []
  }
},
{
  "model": "glosario.english_entry",
  "pk": 58,
  "fields": {
    "english_word": "Ajax",
    "parent_theme": [
      18
    ],
    "english_related": []
  }
},
{
  "model": "glosario.english_entry",
  "pk": 59,
  "fields": {
    "english_word": "Daylight Saving Time patch",
    "parent_theme": [
      19,
      20,
      21,
      22
    ],
    "english_related": []
  }
},
{
  "model": "glosario.english_entry",
  "pk": 68,
  "fields": {
    "english_word": "Insertion loss",
    "parent_theme": [
      1
    ],
    "english_related": []
  }
},
{
  "model": "glosario.english_entry",
  "pk": 69,
  "fields": {
    "english_word": "Bandwidth improvement",
    "parent_theme": [
      57
    ],
    "english_related": [
      105
    ]
  }
},
{
  "model": "glosario.english_entry",
  "pk": 70,
  "fields": {
    "english_word": "Tuned Radio Frequency Receptor",
    "parent_theme": [
      57
    ],
    "english_related": [
      105
    ]
  }
},
{
  "model": "glosario.english_entry",
  "pk": 71,
  "fields": {
    "english_word": "Amplitud-shift keying",
    "parent_theme": [
      1
    ],
    "english_related": []
  }
},
{
  "model": "glosario.english_entry",
  "pk": 72,
  "fields": {
    "english_word": "On-off keying",
    "parent_theme": [
      1
    ],
    "english_related": []
  }
},
{
  "model": "glosario.english_entry",
  "pk": 73,
  "fields": {
    "english_word": "Frequency-shift keying",
    "parent_theme": [
      1
    ],
    "english_related": [
      54,
      55,
      73
    ]
  }
},
{
  "model": "glosario.english_entry",
  "pk": 74,
  "fields": {
    "english_word": "Extremely Low Frequency",
    "parent_theme": [
      57
    ],
    "english_related": [
      105
    ]
  }
},
{
  "model": "glosario.english_entry",
  "pk": 75,
  "fields": {
    "english_word": "Super Low Frequency",
    "parent_theme": [
      57
    ],
    "english_related": [
      105
    ]
  }
},
{
  "model": "glosario.english_entry",
  "pk": 76,
  "fields": {
    "english_word": "Ultra Low Frequency",
    "parent_theme": [
      57
    ],
    "english_related": [
      105
    ]
  }
},
{
  "model": "glosario.english_entry",
  "pk": 77,
  "fields": {
    "english_word": "Very Low Frequency",
    "parent_theme": [
      57
    ],
    "english_related": [
      105
    ]
  }
},
{
  "model": "glosario.english_entry",
  "pk": 78,
  "fields": {
    "english_word": "Low Frequency",
    "parent_theme": [
      57
    ],
    "english_related": [
      53
    ]
  }
},
{
  "model": "glosario.english_entry",
  "pk": 79,
  "fields": {
    "english_word": "Medium Frequency",
    "parent_theme": [
      57
    ],
    "english_related": [
      53
    ]
  }
},
{
  "model": "glosario.english_entry",
  "pk": 80,
  "fields": {
    "english_word": "High Frequency",
    "parent_theme": [
      57
    ],
    "english_related": [
      105
    ]
  }
},
{
  "model": "glosario.english_entry",
  "pk": 81,
  "fields": {
    "english_word": "Very High Frequency",
    "parent_theme": [
      57
    ],
    "english_related": [
      105
    ]
  }
},
{
  "model": "glosario.english_entry",
  "pk": 82,
  "fields": {
    "english_word": "Ultra High Frequency",
    "parent_theme": [
      57
    ],
    "english_related": [
      105
    ]
  }
},
{
  "model": "glosario.english_entry",
  "pk": 83,
  "fields": {
    "english_word": "Super High Frequency",
    "parent_theme": [
      57
    ],
    "english_related": [
      105
    ]
  }
},
{
  "model": "glosario.english_entry",
  "pk": 84,
  "fields": {
    "english_word": "Extremely High Frequency",
    "parent_theme": [
      57
    ],
    "english_related": [
      105
    ]
  }
},
{
  "model": "glosario.english_entry",
  "pk": 85,
  "fields": {
    "english_word": "Tremendously High Frequency",
    "parent_theme": [
      57
    ],
    "english_related": [
      105
    ]
  }
},
{
  "model": "glosario.english_entry",
  "pk": 86,
  "fields": {
    "english_word": "Far-infrared",
    "parent_theme": [
      1
    ],
    "english_related": []
  }
},
{
  "model": "glosario.english_entry",
  "pk": 87,
  "fields": {
    "english_word": "Long-wavelength infrared",
    "parent_theme": [
      1
    ],
    "english_related": []
  }
},
{
  "model": "glosario.english_entry",
  "pk": 88,
  "fields": {
    "english_word": "Mid-wavelength infrared",
    "parent_theme": [
      1
    ],
    "english_related": []
  }
},
{
  "model": "glosario.english_entry",
  "pk": 89,
  "fields": {
    "english_word": "Short-wavelength infrared",
    "parent_theme": [
      1
    ],
    "english_related": []
  }
},
{
  "model": "glosario.english_entry",
  "pk": 90,
  "fields": {
    "english_word": "Near infrared",
    "parent_theme": [
      1
    ],
    "english_related": [
      107,
      108,
      109
    ]
  }
},
{
  "model": "glosario.english_entry",
  "pk": 91,
  "fields": {
    "english_word": "Visible light",
    "parent_theme": [
      1
    ],
    "english_related": []
  }
},
{
  "model": "glosario.english_entry",
  "pk": 92,
  "fields": {
    "english_word": "Ultraviolet",
    "parent_theme": [
      1
    ],
    "english_related": [
      107,
      108,
      109,
      110
    ]
  }
},
{
  "model": "glosario.english_entry",
  "pk": 93,
  "fields": {
    "english_word": "Ultraviolet A",
    "parent_theme": [
      1
    ],
    "english_related": [
      107,
      108,
      109,
      110
    ]
  }
},
{
  "model": "glosario.english_entry",
  "pk": 94,
  "fields": {
    "english_word": "Ultraviolet B",
    "parent_theme": [
      1
    ],
    "english_related": [
      107,
      108,
      109,
      110
    ]
  }
},
{
  "model": "glosario.english_entry",
  "pk": 95,
  "fields": {
    "english_word": "Ultraviolet C",
    "parent_theme": [
      1
    ],
    "english_related": [
      107,
      108,
      109,
      110
    ]
  }
},
{
  "model": "glosario.english_entry",
  "pk": 96,
  "fields": {
    "english_word": "Near ultraviolet",
    "parent_theme": [
      1
    ],
    "english_related": [
      107,
      108,
      109,
      110
    ]
  }
},
{
  "model": "glosario.english_entry",
  "pk": 97,
  "fields": {
    "english_word": "Middle ultraviolet",
    "parent_theme": [
      1
    ],
    "english_related": [
      107,
      108,
      109,
      110
    ]
  }
},
{
  "model": "glosario.english_entry",
  "pk": 98,
  "fields": {
    "english_word": "Far ultraviolet",
    "parent_theme": [
      1
    ],
    "english_related": [
      107,
      108,
      109,
      110
    ]
  }
},
{
  "model": "glosario.english_entry",
  "pk": 99,
  "fields": {
    "english_word": "Hydrogen Lyman-alpha",
    "parent_theme": [
      1
    ],
    "english_related": []
  }
},
{
  "model": "glosario.english_entry",
  "pk": 100,
  "fields": {
    "english_word": "Vacuum ultraviolet",
    "parent_theme": [
      1
    ],
    "english_related": []
  }
},
{
  "model": "glosario.english_entry",
  "pk": 101,
  "fields": {
    "english_word": "Extreme ultraviolet",
    "parent_theme": [
      1
    ],
    "english_related": []
  }
},
{
  "model": "glosario.english_entry",
  "pk": 102,
  "fields": {
    "english_word": "X-rays",
    "parent_theme": [
      1
    ],
    "english_related": []
  }
},
{
  "model": "glosario.english_entry",
  "pk": 103,
  "fields": {
    "english_word": "Soft X-rays",
    "parent_theme": [
      1
    ],
    "english_related": []
  }
},
{
  "model": "glosario.english_entry",
  "pk": 104,
  "fields": {
    "english_word": "Hard X-rays",
    "parent_theme": [
      1
    ],
    "english_related": []
  }
},
{
  "model": "glosario.english_entry",
  "pk": 105,
  "fields": {
    "english_word": "Radiofrequencies",
    "parent_theme": [
      1
    ],
    "english_related": [
      69,
      70,
      74,
      75,
      76,
      77,
      80,
      81,
      82,
      83,
      84,
      85,
      106
    ]
  }
},
{
  "model": "glosario.english_entry",
  "pk": 106,
  "fields": {
    "english_word": "wavelength",
    "parent_theme": [
      1
    ],
    "english_related": [
      105
    ]
  }
},
{
  "model": "glosario.english_entry",
  "pk": 107,
  "fields": {
    "english_word": "photodiode",
    "parent_theme": [
      1
    ],
    "english_related": [
      90,
      92,
      93,
      94,
      95,
      96,
      97,
      98,
      110
    ]
  }
},
{
  "model": "glosario.english_entry",
  "pk": 108,
  "fields": {
    "english_word": "photocathode",
    "parent_theme": [
      1
    ],
    "english_related": [
      90,
      92,
      93,
      94,
      95,
      96,
      97,
      98,
      110
    ]
  }
},
{
  "model": "glosario.english_entry",
  "pk": 109,
  "fields": {
    "english_word": "photomultiplier",
    "parent_theme": [
      1
    ],
    "english_related": [
      90,
      92,
      93,
      94,
      95,
      96,
      97,
      98,
      110
    ]
  }
},
{
  "model": "glosario.english_entry",
  "pk": 110,
  "fields": {
    "english_word": "photosensor",
    "parent_theme": [
      1
    ],
    "english_related": [
      92,
      93,
      94,
      95,
      96,
      97,
      98,
      107,
      108,
      109
    ]
  }
},
{
  "model": "glosario.english_alternative",
  "pk": 1,
  "fields": {
    "english_synonym": "QAM",
    "english_original": 2
  }
},
{
  "model": "glosario.english_alternative",
  "pk": 18,
  "fields": {
    "english_synonym": "AM",
    "english_original": 53
  }
},
{
  "model": "glosario.english_alternative",
  "pk": 19,
  "fields": {
    "english_synonym": "FM",
    "english_original": 54
  }
},
{
  "model": "glosario.english_alternative",
  "pk": 20,
  "fields": {
    "english_synonym": "PSK",
    "english_original": 55
  }
},
{
  "model": "glosario.english_alternative",
  "pk": 21,
  "fields": {
    "english_synonym": "SX",
    "english_original": 56
  }
},
{
  "model": "glosario.english_alternative",
  "pk": 22,
  "fields": {
    "english_synonym": "Asynchronous JavaScript and XML",
    "english_original": 58
  }
},
{
  "model": "glosario.english_alternative",
  "pk": 23,
  "fields": {
    "english_synonym": "DST patch",
    "english_original": 59
  }
},
{
  "model": "glosario.english_alternative",
  "pk": 37,
  "fields": {
    "english_synonym": "IL",
    "english_original": 68
  }
},
{
  "model": "glosario.english_alternative",
  "pk": 38,
  "fields": {
    "english_synonym": "BI",
    "english_original": 69
  }
},
{
  "model": "glosario.english_alternative",
  "pk": 39,
  "fields": {
    "english_synonym": "TRFR",
    "english_original": 70
  }
},
{
  "model": "glosario.english_alternative",
  "pk": 40,
  "fields": {
    "english_synonym": "PM",
    "english_original": 55
  }
},
{
  "model": "glosario.english_alternative",
  "pk": 41,
  "fields": {
    "english_synonym": "Phase Modulation",
    "english_original": 55
  }
},
{
  "model": "glosario.english_alternative",
  "pk": 42,
  "fields": {
    "english_synonym": "ASK",
    "english_original": 71
  }
},
{
  "model": "glosario.english_alternative",
  "pk": 43,
  "fields": {
    "english_synonym": "OOK",
    "english_original": 72
  }
},
{
  "model": "glosario.english_alternative",
  "pk": 44,
  "fields": {
    "english_synonym": "teseng",
    "english_original": 56
  }
},
{
  "model": "glosario.english_alternative",
  "pk": 45,
  "fields": {
    "english_synonym": "FSK",
    "english_original": 73
  }
},
{
  "model": "glosario.english_alternative",
  "pk": 46,
  "fields": {
    "english_synonym": "ELF",
    "english_original": 74
  }
},
{
  "model": "glosario.english_alternative",
  "pk": 47,
  "fields": {
    "english_synonym": "SLF",
    "english_original": 75
  }
},
{
  "model": "glosario.english_alternative",
  "pk": 48,
  "fields": {
    "english_synonym": "ULF",
    "english_original": 76
  }
},
{
  "model": "glosario.english_alternative",
  "pk": 49,
  "fields": {
    "english_synonym": "voice frequencies",
    "english_original": 76
  }
},
{
  "model": "glosario.english_alternative",
  "pk": 50,
  "fields": {
    "english_synonym": "VLF",
    "english_original": 77
  }
},
{
  "model": "glosario.english_alternative",
  "pk": 51,
  "fields": {
    "english_synonym": "LF",
    "english_original": 78
  }
},
{
  "model": "glosario.english_alternative",
  "pk": 52,
  "fields": {
    "english_synonym": "MF",
    "english_original": 79
  }
},
{
  "model": "glosario.english_alternative",
  "pk": 53,
  "fields": {
    "english_synonym": "HF",
    "english_original": 80
  }
},
{
  "model": "glosario.english_alternative",
  "pk": 54,
  "fields": {
    "english_synonym": "VHF",
    "english_original": 81
  }
},
{
  "model": "glosario.english_alternative",
  "pk": 55,
  "fields": {
    "english_synonym": "UHF",
    "english_original": 82
  }
},
{
  "model": "glosario.english_alternative",
  "pk": 56,
  "fields": {
    "english_synonym": "SHF",
    "english_original": 83
  }
},
{
  "model": "glosario.english_alternative",
  "pk": 57,
  "fields": {
    "english_synonym": "EHF",
    "english_original": 84
  }
},
{
  "model": "glosario.english_alternative",
  "pk": 58,
  "fields": {
    "english_synonym": "THF",
    "english_original": 85
  }
},
{
  "model": "glosario.english_alternative",
  "pk": 59,
  "fields": {
    "english_synonym": "terahertz waves",
    "english_original": 85
  }
},
{
  "model": "glosario.english_alternative",
  "pk": 60,
  "fields": {
    "english_synonym": "FIR",
    "english_original": 86
  }
},
{
  "model": "glosario.english_alternative",
  "pk": 61,
  "fields": {
    "english_synonym": "LWIR",
    "english_original": 87
  }
},
{
  "model": "glosario.english_alternative",
  "pk": 62,
  "fields": {
    "english_synonym": "thermal infrared",
    "english_original": 87
  }
},
{
  "model": "glosario.english_alternative",
  "pk": 63,
  "fields": {
    "english_synonym": "IR-C DIN",
    "english_original": 87
  }
},
{
  "model": "glosario.english_alternative",
  "pk": 64,
  "fields": {
    "english_synonym": "MWIR",
    "english_original": 88
  }
},
{
  "model": "glosario.english_alternative",
  "pk": 65,
  "fields": {
    "english_synonym": "thermal infrared",
    "english_original": 88
  }
},
{
  "model": "glosario.english_alternative",
  "pk": 66,
  "fields": {
    "english_synonym": "SWIR",
    "english_original": 89
  }
},
{
  "model": "glosario.english_alternative",
  "pk": 67,
  "fields": {
    "english_synonym": "IR-B DIN",
    "english_original": 89
  }
},
{
  "model": "glosario.english_alternative",
  "pk": 68,
  "fields": {
    "english_synonym": "IR-C DIN",
    "english_original": 88
  }
},
{
  "model": "glosario.english_alternative",
  "pk": 69,
  "fields": {
    "english_synonym": "MidIR",
    "english_original": 88
  }
},
{
  "model": "glosario.english_alternative",
  "pk": 70,
  "fields": {
    "english_synonym": "reflected infrared",
    "english_original": 89
  }
},
{
  "model": "glosario.english_alternative",
  "pk": 71,
  "fields": {
    "english_synonym": "NIR",
    "english_original": 90
  }
},
{
  "model": "glosario.english_alternative",
  "pk": 72,
  "fields": {
    "english_synonym": "IR-A DIN",
    "english_original": 90
  }
},
{
  "model": "glosario.english_alternative",
  "pk": 73,
  "fields": {
    "english_synonym": "reflected infrared",
    "english_original": 90
  }
},
{
  "model": "glosario.english_alternative",
  "pk": 74,
  "fields": {
    "english_synonym": "light",
    "english_original": 91
  }
},
{
  "model": "glosario.english_alternative",
  "pk": 75,
  "fields": {
    "english_synonym": "UV",
    "english_original": 92
  }
},
{
  "model": "glosario.english_alternative",
  "pk": 76,
  "fields": {
    "english_synonym": "UVA",
    "english_original": 93
  }
},
{
  "model": "glosario.english_alternative",
  "pk": 77,
  "fields": {
    "english_synonym": "Long-wave UV",
    "english_original": 93
  }
},
{
  "model": "glosario.english_alternative",
  "pk": 78,
  "fields": {
    "english_synonym": "black light",
    "english_original": 93
  }
},
{
  "model": "glosario.english_alternative",
  "pk": 79,
  "fields": {
    "english_synonym": "UVB",
    "english_original": 94
  }
},
{
  "model": "glosario.english_alternative",
  "pk": 80,
  "fields": {
    "english_synonym": "Medium-wave UV",
    "english_original": 94
  }
},
{
  "model": "glosario.english_alternative",
  "pk": 81,
  "fields": {
    "english_synonym": "UVC",
    "english_original": 95
  }
},
{
  "model": "glosario.english_alternative",
  "pk": 82,
  "fields": {
    "english_synonym": "Short-wave UV",
    "english_original": 95
  }
},
{
  "model": "glosario.english_alternative",
  "pk": 83,
  "fields": {
    "english_synonym": "NUV",
    "english_original": 96
  }
},
{
  "model": "glosario.english_alternative",
  "pk": 84,
  "fields": {
    "english_synonym": "Near UV",
    "english_original": 96
  }
},
{
  "model": "glosario.english_alternative",
  "pk": 85,
  "fields": {
    "english_synonym": "MUV",
    "english_original": 97
  }
},
{
  "model": "glosario.english_alternative",
  "pk": 86,
  "fields": {
    "english_synonym": "Middle UV",
    "english_original": 97
  }
},
{
  "model": "glosario.english_alternative",
  "pk": 87,
  "fields": {
    "english_synonym": "FUV",
    "english_original": 98
  }
},
{
  "model": "glosario.english_alternative",
  "pk": 88,
  "fields": {
    "english_synonym": "Far UV",
    "english_original": 98
  }
},
{
  "model": "glosario.english_alternative",
  "pk": 89,
  "fields": {
    "english_synonym": "H Lyman-alpha",
    "english_original": 99
  }
},
{
  "model": "glosario.english_alternative",
  "pk": 90,
  "fields": {
    "english_synonym": "VUV",
    "english_original": 100
  }
},
{
  "model": "glosario.english_alternative",
  "pk": 91,
  "fields": {
    "english_synonym": "EUV",
    "english_original": 101
  }
},
{
  "model": "glosario.english_alternative",
  "pk": 92,
  "fields": {
    "english_synonym": "X rays",
    "english_original": 102
  }
},
{
  "model": "glosario.english_alternative",
  "pk": 93,
  "fields": {
    "english_synonym": "RF",
    "english_original": 105
  }
},
{
  "model": "glosario.spanish_entry",
  "pk": 2,
  "fields": {
    "english_entry": 2,
    "spanish_word": "modulaci\u00f3n de amplitud en cuadratura",
    "spanish_definition": "QAM (modulaci\u00f3n de amplitud en cuadratura) es un m\u00e9todo de combinaci\u00f3n de dos se\u00f1ales moduladas en amplitud (AM) en un solo canal, duplicando as\u00ed el ancho de banda efectivo.",
    "spanish_included": []
  }
},
{
  "model": "glosario.spanish_entry",
  "pk": 23,
  "fields": {
    "english_entry": 52,
    "spanish_word": "efecto pel\u00edcula",
    "spanish_definition": "El efecto pel\u00edcula es una tendencia de la corriente alterna (CA) a fluir principalmente cerca de la superficie exterior de un conductor el\u00e9ctrico, como por ejemplo en un alambre met\u00e1lico. El efecto se hace cada vez m\u00e1s evidente a medida que aumenta la frecuencia.",
    "spanish_included": []
  }
},
{
  "model": "glosario.spanish_entry",
  "pk": 24,
  "fields": {
    "english_entry": 53,
    "spanish_word": "modulacion de amplitud",
    "spanish_definition": "Variar la amplitud instant\u00e1nea de la onda portadora en proporci\u00f3n a la amplitud de la se\u00f1al anal\u00f3gica de informaci\u00f3n",
    "spanish_included": []
  }
},
{
  "model": "glosario.spanish_entry",
  "pk": 25,
  "fields": {
    "english_entry": 54,
    "spanish_word": "modulaci\u00f3n de frecuencia",
    "spanish_definition": "Variar la frecuencia de la onda portadora en proporci\u00f3n a la amplitud de la se\u00f1al anal\u00f3gica o digital de informaci\u00f3n",
    "spanish_included": []
  }
},
{
  "model": "glosario.spanish_entry",
  "pk": 26,
  "fields": {
    "english_entry": 55,
    "spanish_word": "modulaci\u00f3n por conmutaci\u00f3n de fase",
    "spanish_definition": "Variar la fase de la onda portadora en proporci\u00f3n a la amplitud de la se\u00f1al de informaci\u00f3n. Se puede usar para informaci\u00f3n an\u00e1loga o digital",
    "spanish_included": []
  }
},
{
  "model": "glosario.spanish_entry",
  "pk": 27,
  "fields": {
    "english_entry": 56,
    "spanish_word": "s\u00edmplex",
    "spanish_definition": "Transmisi\u00f3n de una se\u00f1al en una sola direcci\u00f3n",
    "spanish_included": []
  }
},
{
  "model": "glosario.spanish_entry",
  "pk": 28,
  "fields": {
    "english_entry": 57,
    "spanish_word": "autenticaci\u00f3n",
    "spanish_definition": "La autenticaci\u00f3n es el proceso de determinar si alguien o algo es en realidad quien es o lo que dice ser",
    "spanish_included": []
  }
},
{
  "model": "glosario.spanish_entry",
  "pk": 29,
  "fields": {
    "english_entry": 58,
    "spanish_word": "Ajax",
    "spanish_definition": "Ajax es un m\u00e9todo de construcci\u00f3n de aplicaciones interactivas para la Web que procesa las solicitudes de los usuarios de inmediato. Ajax no es una tecnolog\u00eda patentada ni un producto empaquetado.",
    "spanish_included": []
  }
},
{
  "model": "glosario.spanish_entry",
  "pk": 30,
  "fields": {
    "english_entry": 59,
    "spanish_word": "parche del horario de verano",
    "spanish_definition": "Es una pieza modular de c\u00f3digo creada para actualizar los sistemas, dispositivos y programas para la compatibilidad con nuevas fechas de inicio y fin de horario de verano",
    "spanish_included": []
  }
},
{
  "model": "glosario.spanish_entry",
  "pk": 31,
  "fields": {
    "english_entry": 68,
    "spanish_word": "p\u00e9rdida de inserci\u00f3n",
    "spanish_definition": "Relaci\u00f3n entre potencia de salida con adaptador, filtro, etc. y potencia de salida sin adaptador, filtro, etc.  IL (dB) = 10 log Psal / Pent",
    "spanish_included": []
  }
},
{
  "model": "glosario.spanish_entry",
  "pk": 32,
  "fields": {
    "english_entry": 69,
    "spanish_word": "Mejora de ancho de banda",
    "spanish_definition": "Reducci\u00f3n de ruido por reducci\u00f3n de ancho de banda",
    "spanish_included": []
  }
},
{
  "model": "glosario.spanish_entry",
  "pk": 33,
  "fields": {
    "english_entry": 70,
    "spanish_word": "Receptor de radiofrecuencia sintonizada",
    "spanish_definition": "Receptor sencillo de AM consistente en amplificadores de RF, detector de audio y amplificador de audio",
    "spanish_included": []
  }
},
{
  "model": "glosario.spanish_entry",
  "pk": 34,
  "fields": {
    "english_entry": 71,
    "spanish_word": "Modulaci\u00f3n poor conmutaci\u00f3n de amplitud",
    "spanish_definition": "Variar la amplitud de la onda portadora en proporci\u00f3n a la se\u00f1al digital de informaci\u00f3n",
    "spanish_included": []
  }
},
{
  "model": "glosario.spanish_entry",
  "pk": 35,
  "fields": {
    "english_entry": 72,
    "spanish_word": "Modulaci\u00f3n digital de amplitud",
    "spanish_definition": "La forma m\u00e1s simple de ASK con solo dos opciones de su nivel de se\u00f1al (uno y cero l\u00f3gico)",
    "spanish_included": []
  }
},
{
  "model": "glosario.spanish_entry",
  "pk": 36,
  "fields": {
    "english_entry": 73,
    "spanish_word": "Modulaci\u00f3n por conmutaci\u00f3n de frecuencia",
    "spanish_definition": "Variar la frecuencia de la onda portadora en proporci\u00f3n a la se\u00f1al digital de informaci\u00f3n",
    "spanish_included": []
  }
},
{
  "model": "glosario.spanish_entry",
  "pk": 37,
  "fields": {
    "english_entry": 74,
    "spanish_word": "Frecuencias extremadamente bajas",
    "spanish_definition": "Frecuencias en el rango de 3 a 30 Hz (definici\u00f3n de UIT)",
    "spanish_included": []
  }
},
{
  "model": "glosario.spanish_entry",
  "pk": 38,
  "fields": {
    "english_entry": 75,
    "spanish_word": "Frecuencias super bajas",
    "spanish_definition": "Frecuencias en el rango de 30 a 300 Hz (definici\u00f3n de UIT)",
    "spanish_included": []
  }
},
{
  "model": "glosario.spanish_entry",
  "pk": 39,
  "fields": {
    "english_entry": 76,
    "spanish_word": "Frecuencias ultra bajas",
    "spanish_definition": "Frecuencias en el rango de 300 a 3000 Hz (definici\u00f3n de UIT)",
    "spanish_included": []
  }
},
{
  "model": "glosario.spanish_entry",
  "pk": 40,
  "fields": {
    "english_entry": 77,
    "spanish_word": "Frecuencias muy bajas",
    "spanish_definition": "Frecuencias en el rango de 3 kHz a 30 kHz (definici\u00f3n de UIT)",
    "spanish_included": []
  }
},
{
  "model": "glosario.spanish_entry",
  "pk": 41,
  "fields": {
    "english_entry": 78,
    "spanish_word": "Frecuencias bajas",
    "spanish_definition": "Frecuencias en el rango de 30 kHz a 300 kHz (definici\u00f3n de UIT)",
    "spanish_included": []
  }
},
{
  "model": "glosario.spanish_entry",
  "pk": 42,
  "fields": {
    "english_entry": 79,
    "spanish_word": "Frecuencias medias",
    "spanish_definition": "Frecuencias en el rango de 300 kHz a 3000 kHz (definici\u00f3n de UIT)",
    "spanish_included": []
  }
},
{
  "model": "glosario.spanish_entry",
  "pk": 43,
  "fields": {
    "english_entry": 80,
    "spanish_word": "Altas frecuencias",
    "spanish_definition": "Frecuencias en el rango de 3 MHz a 30 MHz (definici\u00f3n de UIT)",
    "spanish_included": []
  }
},
{
  "model": "glosario.spanish_entry",
  "pk": 44,
  "fields": {
    "english_entry": 81,
    "spanish_word": "Muy alta frecuencia",
    "spanish_definition": "Frecuencias en el rango de 30 MHz a 300 MHz (definici\u00f3n de UIT)",
    "spanish_included": []
  }
},
{
  "model": "glosario.spanish_entry",
  "pk": 45,
  "fields": {
    "english_entry": 82,
    "spanish_word": "Ultra alta frecuencia",
    "spanish_definition": "Frecuencias en el rango de 300 MHz a 3000 MHz (definici\u00f3n de UIT)",
    "spanish_included": []
  }
},
{
  "model": "glosario.spanish_entry",
  "pk": 46,
  "fields": {
    "english_entry": 83,
    "spanish_word": "Super alta frecuencia",
    "spanish_definition": "Frecuencias en el rango de 3 GHz a 30 GHz (definici\u00f3n de UIT)",
    "spanish_included": []
  }
},
{
  "model": "glosario.spanish_entry",
  "pk": 47,
  "fields": {
    "english_entry": 84,
    "spanish_word": "Frecuencia extremadamente alta",
    "spanish_definition": "Frecuencias en el rango de 30 GHz a 300 GHz (definici\u00f3n de UIT)",
    "spanish_included": []
  }
},
{
  "model": "glosario.spanish_entry",
  "pk": 48,
  "fields": {
    "english_entry": 85,
    "spanish_word": "Frecuencia tremendamente alta",
    "spanish_definition": "Frecuencias en el rango de 300 GHz a 3 THz (definici\u00f3n de UIT)",
    "spanish_included": []
  }
},
{
  "model": "glosario.spanish_entry",
  "pk": 49,
  "fields": {
    "english_entry": 86,
    "spanish_word": "Infrarrojo lejano",
    "spanish_definition": "Frecuencias en el rango de 300 GHz a 20 THz",
    "spanish_included": []
  }
},
{
  "model": "glosario.spanish_entry",
  "pk": 50,
  "fields": {
    "english_entry": 87,
    "spanish_word": "Infrarrojo de onda larga",
    "spanish_definition": "Frecuencias en el rango de 20 THz a 37 THz",
    "spanish_included": []
  }
},
{
  "model": "glosario.spanish_entry",
  "pk": 51,
  "fields": {
    "english_entry": 88,
    "spanish_word": "Infrarrojo medio",
    "spanish_definition": "Frecuencias en el rango de 37 THz a 100 THz",
    "spanish_included": []
  }
},
{
  "model": "glosario.spanish_entry",
  "pk": 52,
  "fields": {
    "english_entry": 89,
    "spanish_word": "Infrarrojo de onda corta",
    "spanish_definition": "Frecuencias en el rango de 100 THz a 214 Thz",
    "spanish_included": []
  }
},
{
  "model": "glosario.spanish_entry",
  "pk": 53,
  "fields": {
    "english_entry": 90,
    "spanish_word": "Infrarrojo cercano",
    "spanish_definition": "Frecuencias en el rango de 214 THz a 400 THz",
    "spanish_included": []
  }
},
{
  "model": "glosario.spanish_entry",
  "pk": 54,
  "fields": {
    "english_entry": 91,
    "spanish_word": "Luz visible",
    "spanish_definition": "Frecuencias en el rango de 214 THz a 400 THz",
    "spanish_included": []
  }
},
{
  "model": "glosario.spanish_entry",
  "pk": 55,
  "fields": {
    "english_entry": 92,
    "spanish_word": "Ultravioleta",
    "spanish_definition": "Frecuencias en el rango de 750 THz a 30 PHz (adaptado de ISO-21348)",
    "spanish_included": [
      69
    ]
  }
},
{
  "model": "glosario.spanish_entry",
  "pk": 56,
  "fields": {
    "english_entry": 93,
    "spanish_word": "Ultravioleta A",
    "spanish_definition": "Frecuencias en el rango de 750 THz a 952 THz (adaptado de ISO-21348)",
    "spanish_included": [
      69
    ]
  }
},
{
  "model": "glosario.spanish_entry",
  "pk": 57,
  "fields": {
    "english_entry": 94,
    "spanish_word": "Ultravioleta B",
    "spanish_definition": "Frecuencias en el rango de 952 THz a 1071 THz (adaptado de ISO-21348)",
    "spanish_included": [
      69
    ]
  }
},
{
  "model": "glosario.spanish_entry",
  "pk": 58,
  "fields": {
    "english_entry": 95,
    "spanish_word": "Ultravioleta C",
    "spanish_definition": "Frecuencias en el rango de 1071 THz a 3 PHz (adaptado de ISO-21348)",
    "spanish_included": [
      69
    ]
  }
},
{
  "model": "glosario.spanish_entry",
  "pk": 59,
  "fields": {
    "english_entry": 96,
    "spanish_word": "Ultravioleta cercano",
    "spanish_definition": "Frecuencias en el rango de 750 THz a 1000 THz (adaptado de ISO-21348)",
    "spanish_included": [
      69
    ]
  }
},
{
  "model": "glosario.spanish_entry",
  "pk": 60,
  "fields": {
    "english_entry": 97,
    "spanish_word": "Ultravioleta medio",
    "spanish_definition": "Frecuencias en el rango de 1000 THz a 1500 THz (adaptado de ISO-21348)",
    "spanish_included": [
      69
    ]
  }
},
{
  "model": "glosario.spanish_entry",
  "pk": 61,
  "fields": {
    "english_entry": 98,
    "spanish_word": "Ultravioleta lejano",
    "spanish_definition": "Frecuencias en el rango de 1500 THz a 2459 THz (adaptado de ISO-21348)",
    "spanish_included": [
      69
    ]
  }
},
{
  "model": "glosario.spanish_entry",
  "pk": 62,
  "fields": {
    "english_entry": 99,
    "spanish_word": "L\u00ednea Lyman-alfa",
    "spanish_definition": "L\u00ednea espectral a 121,6 nm",
    "spanish_included": [
      69
    ]
  }
},
{
  "model": "glosario.spanish_entry",
  "pk": 63,
  "fields": {
    "english_entry": 100,
    "spanish_word": "Ultravioleta de vac\u00edo",
    "spanish_definition": "Frecuencias en el rango de 1,5 PHz a 30 PHz (adaptado de ISO-21348)",
    "spanish_included": [
      69
    ]
  }
},
{
  "model": "glosario.spanish_entry",
  "pk": 64,
  "fields": {
    "english_entry": 101,
    "spanish_word": "Ultravioleta extremo",
    "spanish_definition": "Frecuencias en el rango de 2,48 PHz a 30 PHz (adaptado de ISO-21348)",
    "spanish_included": [
      69
    ]
  }
},
{
  "model": "glosario.spanish_entry",
  "pk": 65,
  "fields": {
    "english_entry": 102,
    "spanish_word": "Rayos X",
    "spanish_definition": "Frecuencias en el rango de 30 PHz a 30 EHz",
    "spanish_included": []
  }
},
{
  "model": "glosario.spanish_entry",
  "pk": 66,
  "fields": {
    "english_entry": 103,
    "spanish_word": "Rayos X blandos",
    "spanish_definition": "Frecuencias en el rango de 30 PHz a 3 EHz",
    "spanish_included": []
  }
},
{
  "model": "glosario.spanish_entry",
  "pk": 67,
  "fields": {
    "english_entry": 104,
    "spanish_word": "Rayos X duros",
    "spanish_definition": "Frecuencias en el rango de 3 EHz a 30 EHz",
    "spanish_included": []
  }
},
{
  "model": "glosario.spanish_entry",
  "pk": 68,
  "fields": {
    "english_entry": 105,
    "spanish_word": "Radiofrecuencias",
    "spanish_definition": "Frecuencias en el rango de 3 KHz a 300 GHz",
    "spanish_included": [
      37,
      38,
      39,
      40,
      41,
      42,
      43,
      44,
      45,
      46,
      47,
      48
    ]
  }
},
{
  "model": "glosario.spanish_entry",
  "pk": 69,
  "fields": {
    "english_entry": 106,
    "spanish_word": "longitud de onda",
    "spanish_definition": "En una onda senoidal es el periodo espacial de la onda, es decir, la distancia en la cual se repite la forma de onda.",
    "spanish_included": []
  }
},
{
  "model": "glosario.spanish_entry",
  "pk": 70,
  "fields": {
    "english_entry": 107,
    "spanish_word": "fotodiodo",
    "spanish_definition": "Elemento semiconductor que convierte la luz a corriente el\u00e9ctrica.",
    "spanish_included": []
  }
},
{
  "model": "glosario.spanish_entry",
  "pk": 71,
  "fields": {
    "english_entry": 108,
    "spanish_word": "fotoc\u00e1todo",
    "spanish_definition": "Electrodo cargado negativamente en un elemento de detecci\u00f3n de luz como un fotomultiplicador al vac\u00eco, que est\u00e1 recubierto de un compuesto fotosensible. Al recibir un fot\u00f3n se produce la emisi\u00f3n de un electr\u00f3n.",
    "spanish_included": []
  }
},
{
  "model": "glosario.spanish_entry",
  "pk": 72,
  "fields": {
    "english_entry": 109,
    "spanish_word": "fotomultiplicador",
    "spanish_definition": "Detector \u00f3ptico de vac\u00edo que multiplica la corriente producida por la luz  incidente.",
    "spanish_included": []
  }
},
{
  "model": "glosario.spanish_entry",
  "pk": 73,
  "fields": {
    "english_entry": 110,
    "spanish_word": "fotodetector",
    "spanish_definition": "Es la denominaci\u00f3n general de un elemento que genera se\u00f1al el\u00e9ctrica dependiendo de la luz o radiaci\u00f3n electromagn\u00e9tica que recibe.",
    "spanish_included": [
      54
    ]
  }
},
{
  "model": "glosario.spanish_alternative",
  "pk": 1,
  "fields": {
    "spanish_synonym": "QAM",
    "spanish_original": 2
  }
},
{
  "model": "glosario.spanish_alternative",
  "pk": 6,
  "fields": {
    "spanish_synonym": "amplitud modulada",
    "spanish_original": 24
  }
},
{
  "model": "glosario.spanish_alternative",
  "pk": 7,
  "fields": {
    "spanish_synonym": "AM",
    "spanish_original": 24
  }
},
{
  "model": "glosario.spanish_alternative",
  "pk": 8,
  "fields": {
    "spanish_synonym": "frecuencia modulada",
    "spanish_original": 25
  }
},
{
  "model": "glosario.spanish_alternative",
  "pk": 9,
  "fields": {
    "spanish_synonym": "FM",
    "spanish_original": 25
  }
},
{
  "model": "glosario.spanish_alternative",
  "pk": 10,
  "fields": {
    "spanish_synonym": "PSK",
    "spanish_original": 26
  }
},
{
  "model": "glosario.spanish_alternative",
  "pk": 11,
  "fields": {
    "spanish_synonym": "SX",
    "spanish_original": 27
  }
},
{
  "model": "glosario.spanish_alternative",
  "pk": 12,
  "fields": {
    "spanish_synonym": "JavaScript y XML as\u00edncronos",
    "spanish_original": 29
  }
},
{
  "model": "glosario.spanish_alternative",
  "pk": 13,
  "fields": {
    "spanish_synonym": "patch del horario de verano",
    "spanish_original": 30
  }
},
{
  "model": "glosario.spanish_alternative",
  "pk": 14,
  "fields": {
    "spanish_synonym": "Receptor de RF sintonizada",
    "spanish_original": 33
  }
},
{
  "model": "glosario.spanish_alternative",
  "pk": 15,
  "fields": {
    "spanish_synonym": "PM",
    "spanish_original": 26
  }
},
{
  "model": "glosario.spanish_alternative",
  "pk": 16,
  "fields": {
    "spanish_synonym": "ASK",
    "spanish_original": 34
  }
},
{
  "model": "glosario.spanish_alternative",
  "pk": 17,
  "fields": {
    "spanish_synonym": "Modulaci\u00f3n binaria sencilla",
    "spanish_original": 35
  }
},
{
  "model": "glosario.spanish_alternative",
  "pk": 18,
  "fields": {
    "spanish_synonym": "testspa",
    "spanish_original": 27
  }
},
{
  "model": "glosario.spanish_alternative",
  "pk": 19,
  "fields": {
    "spanish_synonym": "FSK",
    "spanish_original": 36
  }
},
{
  "model": "glosario.spanish_alternative",
  "pk": 20,
  "fields": {
    "spanish_synonym": "ELF",
    "spanish_original": 37
  }
},
{
  "model": "glosario.spanish_alternative",
  "pk": 21,
  "fields": {
    "spanish_synonym": "SLF",
    "spanish_original": 38
  }
},
{
  "model": "glosario.spanish_alternative",
  "pk": 22,
  "fields": {
    "spanish_synonym": "ULF",
    "spanish_original": 39
  }
},
{
  "model": "glosario.spanish_alternative",
  "pk": 23,
  "fields": {
    "spanish_synonym": "frecuencias de voz",
    "spanish_original": 39
  }
},
{
  "model": "glosario.spanish_alternative",
  "pk": 24,
  "fields": {
    "spanish_synonym": "VLF",
    "spanish_original": 40
  }
},
{
  "model": "glosario.spanish_alternative",
  "pk": 25,
  "fields": {
    "spanish_synonym": "ondas miriam\u00e9tricas",
    "spanish_original": 40
  }
},
{
  "model": "glosario.spanish_alternative",
  "pk": 26,
  "fields": {
    "spanish_synonym": "LF",
    "spanish_original": 41
  }
},
{
  "model": "glosario.spanish_alternative",
  "pk": 27,
  "fields": {
    "spanish_synonym": "onda larga",
    "spanish_original": 41
  }
},
{
  "model": "glosario.spanish_alternative",
  "pk": 28,
  "fields": {
    "spanish_synonym": "MF",
    "spanish_original": 42
  }
},
{
  "model": "glosario.spanish_alternative",
  "pk": 29,
  "fields": {
    "spanish_synonym": "onda media",
    "spanish_original": 42
  }
},
{
  "model": "glosario.spanish_alternative",
  "pk": 30,
  "fields": {
    "spanish_synonym": "banda hectom\u00e9trica",
    "spanish_original": 42
  }
},
{
  "model": "glosario.spanish_alternative",
  "pk": 31,
  "fields": {
    "spanish_synonym": "HF",
    "spanish_original": 43
  }
},
{
  "model": "glosario.spanish_alternative",
  "pk": 32,
  "fields": {
    "spanish_synonym": "onda corta",
    "spanish_original": 43
  }
},
{
  "model": "glosario.spanish_alternative",
  "pk": 33,
  "fields": {
    "spanish_synonym": "banda SW",
    "spanish_original": 43
  }
},
{
  "model": "glosario.spanish_alternative",
  "pk": 34,
  "fields": {
    "spanish_synonym": "VHF",
    "spanish_original": 44
  }
},
{
  "model": "glosario.spanish_alternative",
  "pk": 35,
  "fields": {
    "spanish_synonym": "UHF",
    "spanish_original": 45
  }
},
{
  "model": "glosario.spanish_alternative",
  "pk": 36,
  "fields": {
    "spanish_synonym": "onda decim\u00e9trica",
    "spanish_original": 45
  }
},
{
  "model": "glosario.spanish_alternative",
  "pk": 37,
  "fields": {
    "spanish_synonym": "SHF",
    "spanish_original": 46
  }
},
{
  "model": "glosario.spanish_alternative",
  "pk": 38,
  "fields": {
    "spanish_synonym": "onda decim\u00e9trica",
    "spanish_original": 46
  }
},
{
  "model": "glosario.spanish_alternative",
  "pk": 39,
  "fields": {
    "spanish_synonym": "EHF",
    "spanish_original": 47
  }
},
{
  "model": "glosario.spanish_alternative",
  "pk": 40,
  "fields": {
    "spanish_synonym": "onda milim\u00e9trica",
    "spanish_original": 47
  }
},
{
  "model": "glosario.spanish_alternative",
  "pk": 41,
  "fields": {
    "spanish_synonym": "THF",
    "spanish_original": 48
  }
},
{
  "model": "glosario.spanish_alternative",
  "pk": 42,
  "fields": {
    "spanish_synonym": "ondas submilim\u00e9tricas",
    "spanish_original": 48
  }
},
{
  "model": "glosario.spanish_alternative",
  "pk": 43,
  "fields": {
    "spanish_synonym": "luz",
    "spanish_original": 54
  }
},
{
  "model": "glosario.spanish_alternative",
  "pk": 44,
  "fields": {
    "spanish_synonym": "UV",
    "spanish_original": 55
  }
},
{
  "model": "glosario.spanish_alternative",
  "pk": 45,
  "fields": {
    "spanish_synonym": "UVA",
    "spanish_original": 56
  }
},
{
  "model": "glosario.spanish_alternative",
  "pk": 46,
  "fields": {
    "spanish_synonym": "UVB",
    "spanish_original": 57
  }
},
{
  "model": "glosario.spanish_alternative",
  "pk": 47,
  "fields": {
    "spanish_synonym": "UVC",
    "spanish_original": 58
  }
},
{
  "model": "glosario.spanish_alternative",
  "pk": 48,
  "fields": {
    "spanish_synonym": "NUV",
    "spanish_original": 59
  }
},
{
  "model": "glosario.spanish_alternative",
  "pk": 49,
  "fields": {
    "spanish_synonym": "MUV",
    "spanish_original": 60
  }
},
{
  "model": "glosario.spanish_alternative",
  "pk": 50,
  "fields": {
    "spanish_synonym": "FUV",
    "spanish_original": 61
  }
},
{
  "model": "glosario.spanish_alternative",
  "pk": 51,
  "fields": {
    "spanish_synonym": "H Lyman-\u237a,",
    "spanish_original": 62
  }
},
{
  "model": "glosario.spanish_alternative",
  "pk": 52,
  "fields": {
    "spanish_synonym": "Ly-\u237a",
    "spanish_original": 62
  }
},
{
  "model": "glosario.spanish_alternative",
  "pk": 53,
  "fields": {
    "spanish_synonym": "VUV",
    "spanish_original": 63
  }
},
{
  "model": "glosario.spanish_alternative",
  "pk": 54,
  "fields": {
    "spanish_synonym": "EUV",
    "spanish_original": 64
  }
},
{
  "model": "glosario.spanish_alternative",
  "pk": 55,
  "fields": {
    "spanish_synonym": "RF",
    "spanish_original": 68
  }
},
{
  "model": "glosario.comment",
  "pk": 2,
  "fields": {
    "english_entry": 2,
    "author": "Alejandro",
    "text": "En una se\u00f1al QAM, hay dos portadoras, cada una de las cuales tiene la misma frecuencia pero difiere en fase en 90 grados (un cuarto de ciclo, del cual surge el t\u00e9rmino cuadratura). Una se\u00f1al se denomina se\u00f1al I y la otra se llama se\u00f1al Q.",
    "created_date": "2017-06-30T22:48:39Z",
    "approved_comment": true
  }
},
{
  "model": "glosario.comment",
  "pk": 3,
  "fields": {
    "english_entry": 2,
    "author": "Alejandro",
    "text": "Matem\u00e1ticamente, una de las se\u00f1ales puede ser representada por una onda senoidal, y la otra por una onda cosenoidal. Las dos portadoras moduladas se combinan en la fuente para su transmisi\u00f3n. En el destino, se separa las portadoras, los datos se extraen de cada una, y luego los datos se combinan en la informaci\u00f3n de modulaci\u00f3n original.",
    "created_date": "2017-06-30T22:49:10Z",
    "approved_comment": true
  }
},
{
  "model": "glosario.comment",
  "pk": 11,
  "fields": {
    "english_entry": 52,
    "author": "engtranslator",
    "text": "El principal problema con el efecto pel\u00edcula es que aumenta la resistencia efectiva de un alambre para la corriente alterna, desde frecuencias moderadas hasta altas, en comparaci\u00f3n con la resistencia del mismo alambre a la corriente continua (CC) y a la CA de bajas frecuencia. El efecto es m\u00e1s pronunciado en sistemas de radiofrecuencia (RF), especialmente antenas y l\u00edneas de transmisi\u00f3n.",
    "created_date": "2017-07-26T21:23:11Z",
    "approved_comment": true
  }
},
{
  "model": "glosario.comment",
  "pk": 12,
  "fields": {
    "english_entry": 53,
    "author": "engtranslator",
    "text": "La modulaci\u00f3n de amplitud (AM) es un m\u00e9todo para insertar datos en una onda portadora de corriente alterna (CA) . La frecuencia  m\u00e1s alta de los datos de la modulante normalmente inferior al 10 por ciento de la frecuencia portadora. La amplitud instant\u00e1nea (potencia total de la se\u00f1al) var\u00eda dependiendo de la amplitud instant\u00e1nea de los datos de la modulante.",
    "created_date": "2017-07-26T21:27:26Z",
    "approved_comment": true
  }
},
{
  "model": "glosario.comment",
  "pk": 13,
  "fields": {
    "english_entry": 53,
    "author": "engtranslator",
    "text": "En AM, la portadora en si misma no fluct\u00faa en amplitud. En cambio, los datos de modulaci\u00f3n aparecen en forma de componentes de se\u00f1al a frecuencias ligeramente superiores e inferiores a las de la portadora. Estos componentes se denominan bandas laterales, tanto superior como inferior.",
    "created_date": "2017-07-26T21:27:26Z",
    "approved_comment": true
  }
},
{
  "model": "glosario.comment",
  "pk": 14,
  "fields": {
    "english_entry": 54,
    "author": "engtranslator",
    "text": "En FM anal\u00f3gica, la frecuencia de la se\u00f1al de onda de corriente alterna , tambi\u00e9n llamada la portadora, var\u00eda de manera continua.",
    "created_date": "2017-07-26T22:28:19Z",
    "approved_comment": true
  }
},
{
  "model": "glosario.comment",
  "pk": 15,
  "fields": {
    "english_entry": 54,
    "author": "engtranslator",
    "text": "En FM digital, la frecuencia portadora cambia abruptamente, en lugar de variar continuamente. El n\u00famero de posibles estados de la frecuencia portadora suele ser una potencia de 2",
    "created_date": "2017-07-26T22:28:19Z",
    "approved_comment": true
  }
},
{
  "model": "glosario.comment",
  "pk": 16,
  "fields": {
    "english_entry": 55,
    "author": "engtranslator",
    "text": "En PM anal\u00f3gica, en cada instante de tiempo la extensi\u00f3n del cambio de fase de la portadora (el \u00e1ngulo de fase) es directamente proporcional a la amplitud (positiva o negativa) de la se\u00f1al de datos.",
    "created_date": "2017-07-26T22:32:48Z",
    "approved_comment": true
  }
},
{
  "model": "glosario.comment",
  "pk": 17,
  "fields": {
    "english_entry": 55,
    "author": "engtranslator",
    "text": "En PM digital, la fase de la portadora cambia abruptamente. El n\u00famero posible de estados de fase de la portadora es usualmente una potencia de 2. Para dos estados se denomina bifase (BPSK).",
    "created_date": "2017-07-26T22:32:48Z",
    "approved_comment": true
  }
},
{
  "model": "glosario.comment",
  "pk": 18,
  "fields": {
    "english_entry": 56,
    "author": "engtranslator",
    "text": "En transmisi\u00f3n inal\u00e1mbrica a alta frecuencia y microondas,  no proporciona suficiente rango de comunicaciones en algunas situaciones. Para aumentar el alcance efectivo, se utiliza repetidores inal\u00e1mbricos. En un repetidor t\u00edpico, la se\u00f1al entrante tiene una frecuencia diferente que la se\u00f1al saliente",
    "created_date": "2017-07-26T22:36:01Z",
    "approved_comment": true
  }
},
{
  "model": "glosario.comment",
  "pk": 19,
  "fields": {
    "english_entry": 57,
    "author": "engtranslator",
    "text": "la autenticaci\u00f3n precede a la autorizaci\u00f3n (aunque a menudo pueda ser que parecen estar combinadas). Los dos t\u00e9rminos se usan a menudo como sin\u00f3nimos, pero son dos procesos diferentes",
    "created_date": "2017-07-27T23:05:01Z",
    "approved_comment": true
  }
},
{
  "model": "glosario.comment",
  "pk": 20,
  "fields": {
    "english_entry": 57,
    "author": "engtranslator",
    "text": "La autenticaci\u00f3n es un proceso en el cual las credenciales proporcionadas se comparan con las que se encuentran archivadas en una base de datos con la informaci\u00f3n de los usuarios autorizados en un sistema operativo local o dentro de un servidor de autenticaci\u00f3n. Si las credenciales coinciden, se completa el proceso y se concede al usuario autorizaci\u00f3n para acceder.",
    "created_date": "2017-07-27T23:05:01Z",
    "approved_comment": true
  }
},
{
  "model": "glosario.comment",
  "pk": 21,
  "fields": {
    "english_entry": 58,
    "author": "engtranslator",
    "text": "Ajax combina varias herramientas de programaci\u00f3n incluyendo JavaScript, HTML din\u00e1mico (DHTML), Extensible Markup Language (XML), Cascading Stylesheets (CSS), Modelo de objetos del documento (DOM), y el objeto de Microsoft  XMLHttpRequest (XHR)",
    "created_date": "2017-07-27T23:28:04Z",
    "approved_comment": true
  }
},
{
  "model": "glosario.comment",
  "pk": 22,
  "fields": {
    "english_entry": 58,
    "author": "engtranslator",
    "text": "Ajax permite que el contenido de las p\u00e1ginas Web se actualice inmediatamente cuando un usuario realiza una acci\u00f3n, a diferencia de una solicitud HTTP, durante la cual los usuarios deben esperar a que se cargue una p\u00e1gina nueva completamente.",
    "created_date": "2017-07-27T23:28:04Z",
    "approved_comment": true
  }
},
{
  "model": "glosario.comment",
  "pk": 23,
  "fields": {
    "english_entry": 59,
    "author": "engtranslator",
    "text": "A partir del 11 de marzo de 2007, los relojes se adelantan una hora el segundo domingo de marzo y se retrasan el primer domingo de noviembre",
    "created_date": "2017-07-27T23:39:59Z",
    "approved_comment": true
  }
},
{
  "model": "glosario.comment",
  "pk": 24,
  "fields": {
    "english_entry": 59,
    "author": "engtranslator",
    "text": "Las discrepancias de tiempo podr\u00edan causar problemas de programaci\u00f3n y sincronizaci\u00f3n para sistemas operativos, aplicaciones y dispositivos sin el parche. Indirectamente, los cambios pueden afectar no s\u00f3lo a los sistemas en estas \u00e1reas, sino tambi\u00e9n a los sistemas que interact\u00faan con ellos.",
    "created_date": "2017-07-27T23:39:59Z",
    "approved_comment": true
  }
},
{
  "model": "glosario.comment",
  "pk": 25,
  "fields": {
    "english_entry": 52,
    "author": "engtranslator",
    "text": "En resumen, el \u00e1rea transversal efectiva es menor y la resistencia es mayor",
    "created_date": "2017-07-29T20:32:34Z",
    "approved_comment": true
  }
},
{
  "model": "glosario.comment",
  "pk": 26,
  "fields": {
    "english_entry": 68,
    "author": "engtranslator",
    "text": "Todo filtro pasabanda causa p\u00e9rdidas. P\u00e9rdida dada por elementos constitutivos (resistores y capacitores)",
    "created_date": "2017-09-03T00:13:53Z",
    "approved_comment": true
  }
},
{
  "model": "glosario.comment",
  "pk": 27,
  "fields": {
    "english_entry": 69,
    "author": "engtranslator",
    "text": "Ocurre cuando la se\u00f1al recibida pasa de la etapa de radiofrecuancia a la de frecuencia intermedia",
    "created_date": "2017-09-03T01:03:12Z",
    "approved_comment": true
  }
},
{
  "model": "glosario.comment",
  "pk": 28,
  "fields": {
    "english_entry": 69,
    "author": "engtranslator",
    "text": "BI = BRF / BIF",
    "created_date": "2017-09-03T01:03:12Z",
    "approved_comment": true
  }
},
{
  "model": "glosario.comment",
  "pk": 29,
  "fields": {
    "english_entry": 70,
    "author": "engtranslator",
    "text": "Dise\u00f1o muy sencillo, casi no se usa",
    "created_date": "2017-09-03T01:08:06Z",
    "approved_comment": true
  }
},
{
  "model": "glosario.comment",
  "pk": 30,
  "fields": {
    "english_entry": 70,
    "author": "engtranslator",
    "text": "Desventajas: 1) skin effect causa que selectividad del filtro de entrada aumenta con la frecuencia. 2) Oscilaci\u00f3n de la serie de amplificadores de RF. 3) Ganancia no uniforme de los diversos amplificadores RF",
    "created_date": "2017-09-03T01:08:06Z",
    "approved_comment": true
  }
},
{
  "model": "glosario.comment",
  "pk": 31,
  "fields": {
    "english_entry": 55,
    "author": "engtranslator",
    "text": "Para orden m o m-aria (MPSK), existen m\u00e1s de dos fases, generalmente cuatro (0, +90, -90 y 180 grados) u ocho (0, +45, -45, +90, -90, +135, -135 y 180 grados).",
    "created_date": "2017-09-03T22:59:33Z",
    "approved_comment": true
  }
},
{
  "model": "glosario.comment",
  "pk": 32,
  "fields": {
    "english_entry": 71,
    "author": "engtranslator",
    "text": "Esquemas de codificaci\u00f3n m\u00e1s sofisticados representan datos en grupos con niveles de amplitud adicional. P.ej. un esquema de ocho niveles puede representar tres bits. Pero se requiere una alta relaci\u00f3n de se\u00f1al-ruido.",
    "created_date": "2017-09-04T01:50:57Z",
    "approved_comment": true
  }
},
{
  "model": "glosario.comment",
  "pk": 33,
  "fields": {
    "english_entry": 71,
    "author": "engtranslator",
    "text": "La forma m\u00e1s simple y com\u00fan de ASK opera como conmutador usando la presencia y ausencia de portadora para indicar un uno y un cero binarios. Este caso tambi\u00e9n se denomina OOK",
    "created_date": "2017-09-04T01:50:57Z",
    "approved_comment": true
  }
},
{
  "model": "glosario.comment",
  "pk": 34,
  "fields": {
    "english_entry": 72,
    "author": "engtranslator",
    "text": "Se usa para transmitir c\u00f3digo Morse sobre ondas de frecuencia de radio (onda continua)",
    "created_date": "2017-09-04T01:58:34Z",
    "approved_comment": true
  }
},
{
  "model": "glosario.comment",
  "pk": 35,
  "fields": {
    "english_entry": 73,
    "author": "engtranslator",
    "text": "Los datos digitales se transforman a se\u00f1al de frecuencia variable (FSK) por medio de un m\u00f3dem.",
    "created_date": "2017-09-05T01:56:03Z",
    "approved_comment": true
  }
},
{
  "model": "glosario.comment",
  "pk": 36,
  "fields": {
    "english_entry": 74,
    "author": "engtranslator",
    "text": "Son frecuencias m\u00e1s bajas que las normalmente usadas para telecomunicaciones. Tienen una muy alta longitud de onda, por lo cual la antena necesaria ser\u00eda inmensa y resulta impracticable.",
    "created_date": "2017-09-05T02:36:18Z",
    "approved_comment": true
  }
},
{
  "model": "glosario.comment",
  "pk": 37,
  "fields": {
    "english_entry": 75,
    "author": "engtranslator",
    "text": "La m\u00e1s com\u00fan es la de 60 Hz irradiada por las l\u00edneas de alimentaci\u00f3n el\u00e9ctrica (50 Hz en algunos pa\u00edses)",
    "created_date": "2017-09-08T16:54:38Z",
    "approved_comment": true
  }
},
{
  "model": "glosario.comment",
  "pk": 38,
  "fields": {
    "english_entry": 75,
    "author": "engtranslator",
    "text": "Tiene un limitado uso militar para comunicaciones submarinas (a 76 y 82 Hz)",
    "created_date": "2017-09-08T16:54:38Z",
    "approved_comment": true
  }
},
{
  "model": "glosario.comment",
  "pk": 39,
  "fields": {
    "english_entry": 76,
    "author": "engtranslator",
    "text": "Se denominan frecuencias de voz porque est\u00e1n en el mismo rango que las frecuencias de la vibraci\u00f3n mec\u00e1nica de la voz, y por tanto se usan en las interfaces de entrada y salida de los sistemas de comunicaci\u00f3n telef\u00f3nica",
    "created_date": "2017-09-08T17:27:49Z",
    "approved_comment": true
  }
},
{
  "model": "glosario.comment",
  "pk": 40,
  "fields": {
    "english_entry": 76,
    "author": "engtranslator",
    "text": "Usada para transmisi\u00f3n de comunicaciones militares seguras a trav\u00e9s del suelo.  Un uso desarrollado \u00faltimamente es el de comunicaciones para minas con el sistema TTE",
    "created_date": "2017-09-08T17:27:49Z",
    "approved_comment": true
  }
},
{
  "model": "glosario.comment",
  "pk": 41,
  "fields": {
    "english_entry": 77,
    "author": "engtranslator",
    "text": "Se usa para env\u00edo de frecuencias patr\u00f3n y se\u00f1ales de hora, comunicaci\u00f3n submarina",
    "created_date": "2017-09-08T17:35:42Z",
    "approved_comment": true
  }
},
{
  "model": "glosario.comment",
  "pk": 42,
  "fields": {
    "english_entry": 77,
    "author": "engtranslator",
    "text": "Las ondas de radio VLF pueden rodear grandes obst\u00e1culos, monta\u00f1as, y el horizonte. La ionosfera y la tierra forman una gu\u00eda de onda.",
    "created_date": "2017-09-08T17:35:43Z",
    "approved_comment": true
  }
},
{
  "model": "glosario.comment",
  "pk": 43,
  "fields": {
    "english_entry": 78,
    "author": "engtranslator",
    "text": "Sistemas de ayuda a la navegaci\u00f3n a\u00e9rea y mar\u00edtima, como los\u00a0radiofaros\u00a0o las\u00a0radio balizas.",
    "created_date": "2017-09-08T17:58:37Z",
    "approved_comment": true
  }
},
{
  "model": "glosario.comment",
  "pk": 44,
  "fields": {
    "english_entry": 78,
    "author": "engtranslator",
    "text": "Sistemas de\u00a0radiodifusi\u00f3n con baja atenuaci\u00f3n de se\u00f1al para larga distancia; usadas en AM de \"onda larga\".",
    "created_date": "2017-09-08T17:58:37Z",
    "approved_comment": true
  }
},
{
  "model": "glosario.comment",
  "pk": 45,
  "fields": {
    "english_entry": 79,
    "author": "engtranslator",
    "text": "Uso en radiodifusi\u00f3n AM en el rango de 535 a 1605 kHz (aproximadamente y dependidendo de la regi\u00f3n y el pa\u00eds). Tambi\u00e9n hay fecuencias para radioaficionados.",
    "created_date": "2017-09-08T18:03:14Z",
    "approved_comment": true
  }
},
{
  "model": "glosario.comment",
  "pk": 46,
  "fields": {
    "english_entry": 79,
    "author": "engtranslator",
    "text": "Transmisi\u00f3n por ondas de reflexi\u00f3n en tierra y en la ion\u00f3sfera, m\u00e1s all\u00e1 del horizonte.",
    "created_date": "2017-09-08T18:03:15Z",
    "approved_comment": true
  }
},
{
  "model": "glosario.comment",
  "pk": 47,
  "fields": {
    "english_entry": 80,
    "author": "engtranslator",
    "text": "Radio internacional de onda corta, banda ciudadana (CB), etc.",
    "created_date": "2017-09-08T18:28:00Z",
    "approved_comment": true
  }
},
{
  "model": "glosario.comment",
  "pk": 48,
  "fields": {
    "english_entry": 80,
    "author": "engtranslator",
    "text": "Propagaci\u00f3n en l\u00ednea recta con rebotes en la ionosfera.",
    "created_date": "2017-09-08T18:28:00Z",
    "approved_comment": true
  }
},
{
  "model": "glosario.comment",
  "pk": 49,
  "fields": {
    "english_entry": 81,
    "author": "engtranslator",
    "text": "Radio FM: 88 a 108 MHz. TV: canales 2 a 13 (54 a 216 MHz)",
    "created_date": "2017-09-08T18:34:26Z",
    "approved_comment": true
  }
},
{
  "model": "glosario.comment",
  "pk": 50,
  "fields": {
    "english_entry": 81,
    "author": "engtranslator",
    "text": "Las ondas VHF est\u00e1n limitadas al horizonte local. Poco afectadas por ruido atmosf\u00e9rico e interferencia.",
    "created_date": "2017-09-08T18:34:26Z",
    "approved_comment": true
  }
},
{
  "model": "glosario.comment",
  "pk": 51,
  "fields": {
    "english_entry": 82,
    "author": "engtranslator",
    "text": "TV: originalmente canales 14 a 83, pero actualmente algunos de ellos se han reasignado para nuevas aplicciones. Si son > 1 GHz se denominan microondas.",
    "created_date": "2017-09-08T18:49:24Z",
    "approved_comment": true
  }
},
{
  "model": "glosario.comment",
  "pk": 52,
  "fields": {
    "english_entry": 82,
    "author": "engtranslator",
    "text": "Transmisi\u00f3n por l\u00ednea de vista.",
    "created_date": "2017-09-08T18:49:24Z",
    "approved_comment": true
  }
},
{
  "model": "glosario.comment",
  "pk": 53,
  "fields": {
    "english_entry": 83,
    "author": "engtranslator",
    "text": "Comunicaciones por microondas y satelitales",
    "created_date": "2017-09-08T22:25:31Z",
    "approved_comment": true
  }
},
{
  "model": "glosario.comment",
  "pk": 54,
  "fields": {
    "english_entry": 83,
    "author": "engtranslator",
    "text": "Transmisi\u00f3n por l\u00ednea de vista.",
    "created_date": "2017-09-08T22:25:31Z",
    "approved_comment": true
  }
},
{
  "model": "glosario.comment",
  "pk": 55,
  "fields": {
    "english_entry": 84,
    "author": "engtranslator",
    "text": "Radioastronom\u00eda y radar de alta resoluci\u00f3n",
    "created_date": "2017-09-08T22:30:06Z",
    "approved_comment": true
  }
},
{
  "model": "glosario.comment",
  "pk": 56,
  "fields": {
    "english_entry": 84,
    "author": "engtranslator",
    "text": "Alta atenuaci\u00f3n atmosf\u00e9rica por lo cual el rango es corto.",
    "created_date": "2017-09-08T22:30:06Z",
    "approved_comment": true
  }
},
{
  "model": "glosario.comment",
  "pk": 57,
  "fields": {
    "english_entry": 85,
    "author": "engtranslator",
    "text": "Dif\u00edcil generaci\u00f3n. Puede ser \u00fatil para imagen y an\u00e1lisis de materiales.",
    "created_date": "2017-09-08T22:34:55Z",
    "approved_comment": true
  }
},
{
  "model": "glosario.comment",
  "pk": 58,
  "fields": {
    "english_entry": 85,
    "author": "engtranslator",
    "text": "Transmisi\u00f3n a muy corta distancia por alta absorci\u00f3n atmosf\u00e9rica, pero tambi\u00e9n penetra toda clase de materiales, excepto metal y agua.",
    "created_date": "2017-09-08T22:34:55Z",
    "approved_comment": true
  }
},
{
  "model": "glosario.comment",
  "pk": 59,
  "fields": {
    "english_entry": 86,
    "author": "engtranslator",
    "text": "Algunos sensores de proximidad humana usan sensores de infrarrojo pasivo en el rango de infrarrojo lejano para detectar cuerpos humanos est\u00e1ticos y en movimiento.",
    "created_date": "2017-09-08T23:47:59Z",
    "approved_comment": true
  }
},
{
  "model": "glosario.comment",
  "pk": 60,
  "fields": {
    "english_entry": 87,
    "author": "engtranslator",
    "text": "Esta es la regi\u00f3n de imagen t\u00e9rmica en donde los sensores pueden obtener una imagen pasiva de los objetos que tienen una temperatura ligeramente mayor que la ambiente",
    "created_date": "2017-09-08T23:51:55Z",
    "approved_comment": true
  }
},
{
  "model": "glosario.comment",
  "pk": 61,
  "fields": {
    "english_entry": 88,
    "author": "engtranslator",
    "text": "Los \"buscadores de calor\" de los misiles guiados usan una porci\u00f3n de la banda de infrarrojo medio para detectar la \"firma infrarroja\", p.ej. de la estela del escape del motor jet.",
    "created_date": "2017-09-08T23:56:08Z",
    "approved_comment": true
  }
},
{
  "model": "glosario.comment",
  "pk": 62,
  "fields": {
    "english_entry": 89,
    "author": "engtranslator",
    "text": "Incluye la banda C que es la m\u00e1s importante para comunicaciones \u00f3pticas en este rango",
    "created_date": "2017-09-09T00:04:56Z",
    "approved_comment": true
  }
},
{
  "model": "glosario.comment",
  "pk": 63,
  "fields": {
    "english_entry": 90,
    "author": "engtranslator",
    "text": "Frecuencias en el rango de 214 THz a 400 THz",
    "created_date": "2017-09-09T01:09:59Z",
    "approved_comment": true
  }
},
{
  "model": "glosario.comment",
  "pk": 64,
  "fields": {
    "english_entry": 91,
    "author": "engtranslator",
    "text": "Este es el rango de la visi\u00f3n humana, dividida en bandas de frecuencias correspondientes a los colores, desde violeta hasta rojo.",
    "created_date": "2017-09-09T01:14:45Z",
    "approved_comment": true
  }
},
{
  "model": "glosario.comment",
  "pk": 65,
  "fields": {
    "english_entry": 91,
    "author": "engtranslator",
    "text": "rojo=400-484; naranja=484-508; amarillo=508-526; verde=526-606; azul=606-668; violeta=668-789 (THz)",
    "created_date": "2017-09-09T01:14:45Z",
    "approved_comment": true
  }
},
{
  "model": "glosario.comment",
  "pk": 66,
  "fields": {
    "english_entry": 92,
    "author": "engtranslator",
    "text": "Longitud de onda de 10 a 400 nm",
    "created_date": "2017-09-11T20:42:10Z",
    "approved_comment": true
  }
},
{
  "model": "glosario.comment",
  "pk": 67,
  "fields": {
    "english_entry": 92,
    "author": "engtranslator",
    "text": "Presente en la luz del sol (aproximadamente 10%)",
    "created_date": "2017-09-11T20:42:10Z",
    "approved_comment": true
  }
},
{
  "model": "glosario.comment",
  "pk": 68,
  "fields": {
    "english_entry": 93,
    "author": "engtranslator",
    "text": "Longitud de onda de 315 a 400 nm",
    "created_date": "2017-09-11T20:49:59Z",
    "approved_comment": true
  }
},
{
  "model": "glosario.comment",
  "pk": 69,
  "fields": {
    "english_entry": 93,
    "author": "engtranslator",
    "text": "No es absorbida por la capa de ozono",
    "created_date": "2017-09-11T20:49:59Z",
    "approved_comment": true
  }
},
{
  "model": "glosario.comment",
  "pk": 70,
  "fields": {
    "english_entry": 94,
    "author": "engtranslator",
    "text": "Longitud de onda de 280 a 315 nm",
    "created_date": "2017-09-11T20:57:51Z",
    "approved_comment": true
  }
},
{
  "model": "glosario.comment",
  "pk": 71,
  "fields": {
    "english_entry": 94,
    "author": "engtranslator",
    "text": "Absorbida en su mayor\u00eca por la capa de ozono",
    "created_date": "2017-09-11T20:57:52Z",
    "approved_comment": true
  }
},
{
  "model": "glosario.comment",
  "pk": 72,
  "fields": {
    "english_entry": 95,
    "author": "engtranslator",
    "text": "Longitud de onda de 100 a 280 nm",
    "created_date": "2017-09-11T21:02:01Z",
    "approved_comment": true
  }
},
{
  "model": "glosario.comment",
  "pk": 73,
  "fields": {
    "english_entry": 95,
    "author": "engtranslator",
    "text": "Completamente absorbida por la capa de ozono y la atm\u00f2sfera. Sirve como germicida",
    "created_date": "2017-09-11T21:02:01Z",
    "approved_comment": true
  }
},
{
  "model": "glosario.comment",
  "pk": 74,
  "fields": {
    "english_entry": 96,
    "author": "engtranslator",
    "text": "Longitud de onda de 300 a 400 nm",
    "created_date": "2017-09-11T21:06:07Z",
    "approved_comment": true
  }
},
{
  "model": "glosario.comment",
  "pk": 75,
  "fields": {
    "english_entry": 96,
    "author": "engtranslator",
    "text": "Visible para varias especies animales",
    "created_date": "2017-09-11T21:06:07Z",
    "approved_comment": true
  }
},
{
  "model": "glosario.comment",
  "pk": 76,
  "fields": {
    "english_entry": 97,
    "author": "engtranslator",
    "text": "Longitud de onda de 200 a 300 nm",
    "created_date": "2017-09-11T21:55:27Z",
    "approved_comment": true
  }
},
{
  "model": "glosario.comment",
  "pk": 77,
  "fields": {
    "english_entry": 98,
    "author": "engtranslator",
    "text": "Longitud de onda de 122 a 200 nm",
    "created_date": "2017-09-11T22:33:42Z",
    "approved_comment": true
  }
},
{
  "model": "glosario.comment",
  "pk": 78,
  "fields": {
    "english_entry": 99,
    "author": "engtranslator",
    "text": "Longitud de onda de 121 a 122v nm",
    "created_date": "2017-09-11T22:36:22Z",
    "approved_comment": true
  }
},
{
  "model": "glosario.comment",
  "pk": 79,
  "fields": {
    "english_entry": 99,
    "author": "engtranslator",
    "text": "Frecuencias en el rango de 2459 THz a 2479 THz (adaptado de ISO-21348)",
    "created_date": "2017-09-11T22:36:22Z",
    "approved_comment": true
  }
},
{
  "model": "glosario.comment",
  "pk": 80,
  "fields": {
    "english_entry": 100,
    "author": "engtranslator",
    "text": "Longitud de onda de 10 a 200 nm",
    "created_date": "2017-09-11T23:10:57Z",
    "approved_comment": true
  }
},
{
  "model": "glosario.comment",
  "pk": 81,
  "fields": {
    "english_entry": 100,
    "author": "engtranslator",
    "text": "Fuertemente absorbido por el ox\u00ecgeno de la atm\u00f3sfera",
    "created_date": "2017-09-11T23:10:57Z",
    "approved_comment": true
  }
},
{
  "model": "glosario.comment",
  "pk": 82,
  "fields": {
    "english_entry": 101,
    "author": "engtranslator",
    "text": "Longitud de onda de 10 a 121 nm",
    "created_date": "2017-09-11T23:13:56Z",
    "approved_comment": true
  }
},
{
  "model": "glosario.comment",
  "pk": 83,
  "fields": {
    "english_entry": 101,
    "author": "engtranslator",
    "text": "Uso en litograf\u00eda",
    "created_date": "2017-09-11T23:13:56Z",
    "approved_comment": true
  }
},
{
  "model": "glosario.comment",
  "pk": 84,
  "fields": {
    "english_entry": 102,
    "author": "engtranslator",
    "text": "Longitud de onda de 10 pm a 10 nm",
    "created_date": "2017-09-14T00:23:04Z",
    "approved_comment": true
  }
},
{
  "model": "glosario.comment",
  "pk": 85,
  "fields": {
    "english_entry": 102,
    "author": "engtranslator",
    "text": "Radiograf\u00eda m\u00e9dica, seguridad aeroportuaria",
    "created_date": "2017-09-14T00:23:04Z",
    "approved_comment": true
  }
},
{
  "model": "glosario.comment",
  "pk": 86,
  "fields": {
    "english_entry": 103,
    "author": "engtranslator",
    "text": "Longitud de onda de 0,1 nm a 10 nm",
    "created_date": "2017-09-14T00:34:03Z",
    "approved_comment": true
  }
},
{
  "model": "glosario.comment",
  "pk": 87,
  "fields": {
    "english_entry": 103,
    "author": "engtranslator",
    "text": "Denominados \"suaves\" por la baja energ\u00eda de los fotones",
    "created_date": "2017-09-14T00:34:03Z",
    "approved_comment": true
  }
},
{
  "model": "glosario.comment",
  "pk": 88,
  "fields": {
    "english_entry": 104,
    "author": "engtranslator",
    "text": "Longitud de onda de 10 pm a 100 pm",
    "created_date": "2017-09-14T00:45:11Z",
    "approved_comment": true
  }
},
{
  "model": "glosario.comment",
  "pk": 89,
  "fields": {
    "english_entry": 104,
    "author": "engtranslator",
    "text": "Fotones con alta energ\u00eda. Uso en cristalograf\u00eda.",
    "created_date": "2017-09-14T00:45:11Z",
    "approved_comment": true
  }
},
{
  "model": "glosario.comment",
  "pk": 90,
  "fields": {
    "english_entry": 105,
    "author": "engtranslator",
    "text": "Usadas para transmisiones de radio. Se hallan clasificadas en bandas de aplicaci\u00f3n para telecomunicaciones.",
    "created_date": "2017-09-14T19:04:24Z",
    "approved_comment": true
  }
},
{
  "model": "glosario.comment",
  "pk": 91,
  "fields": {
    "english_entry": 106,
    "author": "engtranslator",
    "text": "Si una onda senoidal se mueve a velocidad fija (p. ej. de la luz), la longitud de onda es inversamente proporcional a la frecuencia.",
    "created_date": "2017-09-14T20:45:57Z",
    "approved_comment": true
  }
},
{
  "model": "glosario.comment",
  "pk": 92,
  "fields": {
    "english_entry": 106,
    "author": "engtranslator",
    "text": "Onda electromagn\u00e9tica en vac\u00edo cumple: frecuencia X longitud de onda = velocidad de la luz",
    "created_date": "2017-09-14T20:45:57Z",
    "approved_comment": true
  }
},
{
  "model": "glosario.comment",
  "pk": 93,
  "fields": {
    "english_entry": 107,
    "author": "engtranslator",
    "text": "Los paneles solares no son m\u00e1s que fotodiodos con una gran superficie.",
    "created_date": "2017-09-15T01:32:09Z",
    "approved_comment": true
  }
},
{
  "model": "glosario.comment",
  "pk": 94,
  "fields": {
    "english_entry": 108,
    "author": "engtranslator",
    "text": "Tecnolog\u00eda superada en la mayor\u00eda de aplicaciones por los fotodiodos de elemento s\u00f3lido.",
    "created_date": "2017-09-15T01:41:44Z",
    "approved_comment": true
  }
},
{
  "model": "glosario.comment",
  "pk": 95,
  "fields": {
    "english_entry": 109,
    "author": "engtranslator",
    "text": "Sensible a luz ultravioleta, visible o infrarroja cercana.",
    "created_date": "2017-09-15T02:05:59Z",
    "approved_comment": true
  }
},
{
  "model": "glosario.comment",
  "pk": 96,
  "fields": {
    "english_entry": 109,
    "author": "engtranslator",
    "text": "Alta ganancia, bajo ruido, ampl\u00eca respuesta de frecuencia son sus ventajas respecto a CCD de material s\u00f2lido.",
    "created_date": "2017-09-15T02:06:00Z",
    "approved_comment": true
  }
},
{
  "model": "glosario.comment",
  "pk": 97,
  "fields": {
    "english_entry": 110,
    "author": "engtranslator",
    "text": "Es la denominaci\u00f3n general de un elemento que genera se\u00f1al el\u00e9ctrica dependiendo de la luz o radiaci\u00f3n electromagn\u00e9tica que recibe.",
    "created_date": "2017-09-15T02:09:36Z",
    "approved_comment": true
  }
},
{
  "model": "admin.logentry",
  "pk": 53,
  "fields": {
    "action_time": "2017-09-12T04:41:25.775Z",
    "user": [
      "alejandro"
    ],
    "content_type": [
      "auth",
      "group"
    ],
    "object_id": "4",
    "object_repr": "Registrados",
    "action_flag": 1,
    "change_message": "[{\"added\": {}}]"
  }
},
{
  "model": "admin.logentry",
  "pk": 54,
  "fields": {
    "action_time": "2017-09-12T04:49:11.659Z",
    "user": [
      "alejandro"
    ],
    "content_type": [
      "auth",
      "group"
    ],
    "object_id": "5",
    "object_repr": "Privilegiados",
    "action_flag": 1,
    "change_message": "[{\"added\": {}}]"
  }
},
{
  "model": "admin.logentry",
  "pk": 55,
  "fields": {
    "action_time": "2017-09-12T04:55:00.577Z",
    "user": [
      "alejandro"
    ],
    "content_type": [
      "auth",
      "group"
    ],
    "object_id": "6",
    "object_repr": "Administradores",
    "action_flag": 1,
    "change_message": "[{\"added\": {}}]"
  }
},
{
  "model": "admin.logentry",
  "pk": 56,
  "fields": {
    "action_time": "2017-09-12T05:01:56.586Z",
    "user": [
      "alejandro"
    ],
    "content_type": [
      "auth",
      "user"
    ],
    "object_id": "12",
    "object_repr": "usuarioprivilegiado",
    "action_flag": 1,
    "change_message": "[{\"added\": {}}]"
  }
},
{
  "model": "admin.logentry",
  "pk": 57,
  "fields": {
    "action_time": "2017-09-12T05:02:20.838Z",
    "user": [
      "alejandro"
    ],
    "content_type": [
      "auth",
      "user"
    ],
    "object_id": "12",
    "object_repr": "usuarioprivilegiado",
    "action_flag": 2,
    "change_message": "[]"
  }
},
{
  "model": "admin.logentry",
  "pk": 58,
  "fields": {
    "action_time": "2017-09-12T05:10:09.675Z",
    "user": [
      "alejandro"
    ],
    "content_type": [
      "auth",
      "user"
    ],
    "object_id": "14",
    "object_repr": "usuarioadmin",
    "action_flag": 2,
    "change_message": "[]"
  }
},
{
  "model": "admin.logentry",
  "pk": 59,
  "fields": {
    "action_time": "2017-09-14T00:22:56.392Z",
    "user": [
      "alejandro"
    ],
    "content_type": [
      "auth",
      "user"
    ],
    "object_id": "15",
    "object_repr": "Oswaldo_Mesias",
    "action_flag": 2,
    "change_message": "[]"
  }
}
]