[{"model": "contenttypes.contenttype", "pk": 1, "fields": {"app_label": "admin", "model": "logentry"}}, {"model": "contenttypes.contenttype", "pk": 2, "fields": {"app_label": "auth", "model": "permission"}}, {"model": "contenttypes.contenttype", "pk": 3, "fields": {"app_label": "auth", "model": "group"}}, {"model": "contenttypes.contenttype", "pk": 4, "fields": {"app_label": "auth", "model": "user"}}, {"model": "contenttypes.contenttype", "pk": 5, "fields": {"app_label": "contenttypes", "model": "contenttype"}}, {"model": "contenttypes.contenttype", "pk": 6, "fields": {"app_label": "sessions", "model": "session"}}, {"model": "contenttypes.contenttype", "pk": 7, "fields": {"app_label": "glosario", "model": "spanish_alternative"}}, {"model": "contenttypes.contenttype", "pk": 8, "fields": {"app_label": "glosario", "model": "english_entry"}}, {"model": "contenttypes.contenttype", "pk": 9, "fields": {"app_label": "glosario", "model": "theme"}}, {"model": "contenttypes.contenttype", "pk": 10, "fields": {"app_label": "glosario", "model": "english_alternative"}}, {"model": "contenttypes.contenttype", "pk": 11, "fields": {"app_label": "glosario", "model": "comment"}}, {"model": "contenttypes.contenttype", "pk": 12, "fields": {"app_label": "glosario", "model": "chapter"}}, {"model": "contenttypes.contenttype", "pk": 13, "fields": {"app_label": "glosario", "model": "spanish_entry"}}, {"model": "sessions.session", "pk": "2jl3pqtnxyniz23f9hg98stj7bfh4s4h", "fields": {"session_data": "ZGViOGY2MDIwMWM1OWViYTM2YWIzY2YyMjNhNzc5MTIxMGUyNGJhOTp7Il9hdXRoX3VzZXJfaWQiOiIyIiwiX2F1dGhfdXNlcl9iYWNrZW5kIjoiZGphbmdvLmNvbnRyaWIuYXV0aC5iYWNrZW5kcy5Nb2RlbEJhY2tlbmQiLCJfYXV0aF91c2VyX2hhc2giOiIxOWM3ZTExNmViYTJjZmQyODMwZmIwOWFjOGFiNzNjNmQ3ZGNmNGZjIn0=", "expire_date": "2017-08-02T17:23:05.349Z"}}, {"model": "sessions.session", "pk": "tagv7ytug94mxb3of5w7tjdvljhggu4y", "fields": {"session_data": "MjU3ZTIzNWMxMDNjOWQ1NGFmMjkwNDdhN2NiYmFiMjJmMzI2YzZmNjp7Il9hdXRoX3VzZXJfaWQiOiIxIiwiX2F1dGhfdXNlcl9iYWNrZW5kIjoiZGphbmdvLmNvbnRyaWIuYXV0aC5iYWNrZW5kcy5Nb2RlbEJhY2tlbmQiLCJfYXV0aF91c2VyX2hhc2giOiJhNDliYmY4Y2UwNTgwZDZmYjc4YzFiNTc2YjcwZDhlNWM1MGVhNTI3In0=", "expire_date": "2017-07-14T20:45:54.765Z"}}, {"model": "glosario.chapter", "pk": 1, "fields": {"chapter_name": "Computer Science"}}, {"model": "glosario.chapter", "pk": 2, "fields": {"chapter_name": "Networking"}}, {"model": "glosario.theme", "pk": 1, "fields": {"theme_name": "Electronics", "parent_chapter": 1}}, {"model": "glosario.theme", "pk": 2, "fields": {"theme_name": "Data transmission", "parent_chapter": 2}}, {"model": "glosario.theme", "pk": 3, "fields": {"theme_name": "Radiotransmission", "parent_chapter": 2}}, {"model": "glosario.theme", "pk": 4, "fields": {"theme_name": "temap1", "parent_chapter": 1}}, {"model": "glosario.theme", "pk": 5, "fields": {"theme_name": "temap2", "parent_chapter": 2}}, {"model": "glosario.theme", "pk": 6, "fields": {"theme_name": "temap3", "parent_chapter": 2}}, {"model": "glosario.theme", "pk": 7, "fields": {"theme_name": "t1", "parent_chapter": 1}}, {"model": "glosario.theme", "pk": 8, "fields": {"theme_name": "t2", "parent_chapter": 1}}, {"model": "glosario.theme", "pk": 9, "fields": {"theme_name": "t3", "parent_chapter": 1}}, {"model": "glosario.theme", "pk": 10, "fields": {"theme_name": "t4", "parent_chapter": 1}}, {"model": "glosario.theme", "pk": 11, "fields": {"theme_name": "t5", "parent_chapter": 2}}, {"model": "glosario.theme", "pk": 12, "fields": {"theme_name": "t11", "parent_chapter": 2}}, {"model": "glosario.theme", "pk": 13, "fields": {"theme_name": "t12", "parent_chapter": 2}}, {"model": "glosario.theme", "pk": 14, "fields": {"theme_name": "t13", "parent_chapter": 1}}, {"model": "glosario.theme", "pk": 15, "fields": {"theme_name": "t14", "parent_chapter": 2}}, {"model": "glosario.theme", "pk": 16, "fields": {"theme_name": "t15", "parent_chapter": 2}}, {"model": "glosario.english_entry", "pk": 1, "fields": {"english_word": "skin effect", "parent_theme": [1, 2, 3], "english_related": [7, 16, 18, 21, 51]}}, {"model": "glosario.english_entry", "pk": 2, "fields": {"english_word": "Quadrature Amplitude Modulation", "parent_theme": [2], "english_related": [3, 5, 10, 12, 19, 20, 32, 33, 34, 36, 37, 48, 49, 50]}}, {"model": "glosario.english_entry", "pk": 3, "fields": {"english_word": "modulation", "parent_theme": [3], "english_related": [2, 6, 13, 31, 47]}}, {"model": "glosario.english_entry", "pk": 4, "fields": {"english_word": "test2", "parent_theme": [1], "english_related": []}}, {"model": "glosario.english_entry", "pk": 5, "fields": {"english_word": "eg231", "parent_theme": [2], "english_related": [2]}}, {"model": "glosario.english_entry", "pk": 6, "fields": {"english_word": "test241", "parent_theme": [1], "english_related": [3]}}, {"model": "glosario.english_entry", "pk": 7, "fields": {"english_word": "test242", "parent_theme": [1], "english_related": [1]}}, {"model": "glosario.english_entry", "pk": 8, "fields": {"english_word": "test243", "parent_theme": [1], "english_related": []}}, {"model": "glosario.english_entry", "pk": 9, "fields": {"english_word": "test244", "parent_theme": [2], "english_related": []}}, {"model": "glosario.english_entry", "pk": 10, "fields": {"english_word": "tes245", "parent_theme": [2], "english_related": [2, 11]}}, {"model": "glosario.english_entry", "pk": 11, "fields": {"english_word": "tes246", "parent_theme": [4], "english_related": [10]}}, {"model": "glosario.english_entry", "pk": 12, "fields": {"english_word": "test246", "parent_theme": [2], "english_related": [2]}}, {"model": "glosario.english_entry", "pk": 13, "fields": {"english_word": "test247", "parent_theme": [3], "english_related": [3, 15, 17]}}, {"model": "glosario.english_entry", "pk": 14, "fields": {"english_word": "test248", "parent_theme": [1], "english_related": []}}, {"model": "glosario.english_entry", "pk": 15, "fields": {"english_word": "test489", "parent_theme": [2], "english_related": [13]}}, {"model": "glosario.english_entry", "pk": 16, "fields": {"english_word": "test2410", "parent_theme": [1], "english_related": [1]}}, {"model": "glosario.english_entry", "pk": 17, "fields": {"english_word": "test2411", "parent_theme": [1], "english_related": [13]}}, {"model": "glosario.english_entry", "pk": 18, "fields": {"english_word": "test2412", "parent_theme": [1], "english_related": [1]}}, {"model": "glosario.english_entry", "pk": 19, "fields": {"english_word": "test2413", "parent_theme": [2], "english_related": [2]}}, {"model": "glosario.english_entry", "pk": 20, "fields": {"english_word": "test2414", "parent_theme": [1], "english_related": [2]}}, {"model": "glosario.english_entry", "pk": 21, "fields": {"english_word": "test2415", "parent_theme": [1], "english_related": [1]}}, {"model": "glosario.english_entry", "pk": 22, "fields": {"english_word": "test2417", "parent_theme": [3], "english_related": []}}, {"model": "glosario.english_entry", "pk": 23, "fields": {"english_word": "test2418", "parent_theme": [1], "english_related": []}}, {"model": "glosario.english_entry", "pk": 24, "fields": {"english_word": "test2419", "parent_theme": [3], "english_related": []}}, {"model": "glosario.english_entry", "pk": 25, "fields": {"english_word": "test2420", "parent_theme": [1], "english_related": []}}, {"model": "glosario.english_entry", "pk": 26, "fields": {"english_word": "test4220", "parent_theme": [1], "english_related": []}}, {"model": "glosario.english_entry", "pk": 27, "fields": {"english_word": "test2421", "parent_theme": [2], "english_related": []}}, {"model": "glosario.english_entry", "pk": 28, "fields": {"english_word": "test2422", "parent_theme": [3], "english_related": []}}, {"model": "glosario.english_entry", "pk": 29, "fields": {"english_word": "test2423", "parent_theme": [3], "english_related": []}}, {"model": "glosario.english_entry", "pk": 30, "fields": {"english_word": "test2425", "parent_theme": [2], "english_related": []}}, {"model": "glosario.english_entry", "pk": 31, "fields": {"english_word": "test2426", "parent_theme": [2], "english_related": [3]}}, {"model": "glosario.english_entry", "pk": 32, "fields": {"english_word": "test2427", "parent_theme": [2], "english_related": [2]}}, {"model": "glosario.english_entry", "pk": 33, "fields": {"english_word": "test2428", "parent_theme": [3], "english_related": [2]}}, {"model": "glosario.english_entry", "pk": 34, "fields": {"english_word": "test2429", "parent_theme": [2], "english_related": [2]}}, {"model": "glosario.english_entry", "pk": 35, "fields": {"english_word": "test2430", "parent_theme": [2], "english_related": []}}, {"model": "glosario.english_entry", "pk": 36, "fields": {"english_word": "test2431", "parent_theme": [2], "english_related": [2]}}, {"model": "glosario.english_entry", "pk": 37, "fields": {"english_word": "test2433", "parent_theme": [15], "english_related": [2]}}, {"model": "glosario.english_entry", "pk": 38, "fields": {"english_word": "test2434", "parent_theme": [2], "english_related": []}}, {"model": "glosario.english_entry", "pk": 39, "fields": {"english_word": "test2436", "parent_theme": [1], "english_related": []}}, {"model": "glosario.english_entry", "pk": 40, "fields": {"english_word": "test2438", "parent_theme": [3], "english_related": []}}, {"model": "glosario.english_entry", "pk": 41, "fields": {"english_word": "test2439", "parent_theme": [3], "english_related": []}}, {"model": "glosario.english_entry", "pk": 42, "fields": {"english_word": "test2440", "parent_theme": [2], "english_related": []}}, {"model": "glosario.english_entry", "pk": 43, "fields": {"english_word": "test2441", "parent_theme": [2], "english_related": []}}, {"model": "glosario.english_entry", "pk": 44, "fields": {"english_word": "test2442", "parent_theme": [3], "english_related": []}}, {"model": "glosario.english_entry", "pk": 45, "fields": {"english_word": "test2444", "parent_theme": [2], "english_related": []}}, {"model": "glosario.english_entry", "pk": 46, "fields": {"english_word": "test2445", "parent_theme": [3], "english_related": []}}, {"model": "glosario.english_entry", "pk": 47, "fields": {"english_word": "test2501", "parent_theme": [2], "english_related": [3]}}, {"model": "glosario.english_entry", "pk": 48, "fields": {"english_word": "test2502", "parent_theme": [2], "english_related": [2]}}, {"model": "glosario.english_entry", "pk": 49, "fields": {"english_word": "test2503", "parent_theme": [2], "english_related": [2]}}, {"model": "glosario.english_entry", "pk": 50, "fields": {"english_word": "test2504", "parent_theme": [2], "english_related": [2]}}, {"model": "glosario.english_entry", "pk": 51, "fields": {"english_word": "dbtest2601", "parent_theme": [2], "english_related": [1]}}, {"model": "glosario.english_alternative", "pk": 1, "fields": {"english_synonym": "QAM", "english_original": 2}}, {"model": "glosario.english_alternative", "pk": 2, "fields": {"english_synonym": "sin12411", "english_original": 17}}, {"model": "glosario.english_alternative", "pk": 3, "fields": {"english_synonym": "sin22411", "english_original": 17}}, {"model": "glosario.english_alternative", "pk": 4, "fields": {"english_synonym": "patch", "english_original": 17}}, {"model": "glosario.english_alternative", "pk": 5, "fields": {"english_synonym": "sin1212", "english_original": 18}}, {"model": "glosario.english_alternative", "pk": 6, "fields": {"english_synonym": "sin2414", "english_original": 19}}, {"model": "glosario.english_alternative", "pk": 9, "fields": {"english_synonym": "sin2430", "english_original": 35}}, {"model": "glosario.english_alternative", "pk": 10, "fields": {"english_synonym": "sin2431", "english_original": 36}}, {"model": "glosario.english_alternative", "pk": 11, "fields": {"english_synonym": "sin2433", "english_original": 37}}, {"model": "glosario.english_alternative", "pk": 12, "fields": {"english_synonym": "sin2434", "english_original": 38}}, {"model": "glosario.english_alternative", "pk": 13, "fields": {"english_synonym": "sin2445", "english_original": 46}}, {"model": "glosario.english_alternative", "pk": 14, "fields": {"english_synonym": "sino2501", "english_original": 47}}, {"model": "glosario.english_alternative", "pk": 15, "fields": {"english_synonym": "sino2503", "english_original": 49}}, {"model": "glosario.english_alternative", "pk": 16, "fields": {"english_synonym": "sino2504", "english_original": 50}}, {"model": "glosario.english_alternative", "pk": 17, "fields": {"english_synonym": "sino25042", "english_original": 50}}, {"model": "glosario.spanish_entry", "pk": 1, "fields": {"english_entry": 1, "spanish_word": "efecto pel\u00edcula", "spanish_definition": "El efecto pel\u00edcula es una tendencia de la corriente alterna (CA) a fluir principalmente cerca de la superficie exterior de un conductor el\u00e9ctrico, como por ejemplo en un alambre met\u00e1lico. El efecto se hace cada vez m\u00e1s evidente a medida que aumenta la frecuencia.", "spanish_included": [2]}}, {"model": "glosario.spanish_entry", "pk": 2, "fields": {"english_entry": 2, "spanish_word": "modulaci\u00f3n de amplitud en cuadratura", "spanish_definition": "QAM (modulaci\u00f3n de amplitud en cuadratura) es un m\u00e9todo de combinaci\u00f3n de dos se\u00f1ales moduladas en amplitud (AM) en un solo canal, duplicando as\u00ed el ancho de banda efectivo.", "spanish_included": []}}, {"model": "glosario.spanish_entry", "pk": 3, "fields": {"english_entry": 3, "spanish_word": "prueba", "spanish_definition": "prue", "spanish_included": []}}, {"model": "glosario.spanish_entry", "pk": 4, "fields": {"english_entry": 4, "spanish_word": "prueba3", "spanish_definition": "p3", "spanish_included": [1]}}, {"model": "glosario.spanish_entry", "pk": 5, "fields": {"english_entry": 5, "spanish_word": "spa231", "spanish_definition": "spadef231", "spanish_included": [2]}}, {"model": "glosario.spanish_entry", "pk": 6, "fields": {"english_entry": 9, "spanish_word": "prueba244", "spanish_definition": "def244", "spanish_included": []}}, {"model": "glosario.spanish_entry", "pk": 7, "fields": {"english_entry": 10, "spanish_word": "prueba245", "spanish_definition": "def245", "spanish_included": [1]}}, {"model": "glosario.spanish_entry", "pk": 8, "fields": {"english_entry": 11, "spanish_word": "prueba246", "spanish_definition": "def246", "spanish_included": []}}, {"model": "glosario.spanish_entry", "pk": 9, "fields": {"english_entry": 13, "spanish_word": "prueba247", "spanish_definition": "def247", "spanish_included": [2]}}, {"model": "glosario.spanish_entry", "pk": 10, "fields": {"english_entry": 17, "spanish_word": "prueba2411", "spanish_definition": "def2411", "spanish_included": [1]}}, {"model": "glosario.spanish_entry", "pk": 11, "fields": {"english_entry": 18, "spanish_word": "prueba2412", "spanish_definition": "def2412", "spanish_included": [1]}}, {"model": "glosario.spanish_entry", "pk": 12, "fields": {"english_entry": 19, "spanish_word": "prueba2414", "spanish_definition": "def2414", "spanish_included": [2]}}, {"model": "glosario.spanish_entry", "pk": 16, "fields": {"english_entry": 26, "spanish_word": "", "spanish_definition": null, "spanish_included": []}}, {"model": "glosario.spanish_entry", "pk": 17, "fields": {"english_entry": 34, "spanish_word": "prueba2429", "spanish_definition": "def2429", "spanish_included": []}}, {"model": "glosario.spanish_entry", "pk": 18, "fields": {"english_entry": 36, "spanish_word": "prueba2431", "spanish_definition": "def2431", "spanish_included": [2]}}, {"model": "glosario.spanish_entry", "pk": 19, "fields": {"english_entry": 45, "spanish_word": "prueba2444", "spanish_definition": "def2444", "spanish_included": []}}, {"model": "glosario.spanish_entry", "pk": 20, "fields": {"english_entry": 46, "spanish_word": "prueba2445", "spanish_definition": "def2445", "spanish_included": [3]}}, {"model": "glosario.spanish_entry", "pk": 21, "fields": {"english_entry": 50, "spanish_word": "prueba2504", "spanish_definition": "def2504", "spanish_included": [1]}}, {"model": "glosario.spanish_entry", "pk": 22, "fields": {"english_entry": 51, "spanish_word": "dbprueba1", "spanish_definition": "", "spanish_included": []}}, {"model": "glosario.spanish_alternative", "pk": 1, "fields": {"spanish_synonym": "QAM", "spanish_original": 2}}, {"model": "glosario.spanish_alternative", "pk": 2, "fields": {"spanish_synonym": "sino2444", "spanish_original": 19}}, {"model": "glosario.spanish_alternative", "pk": 3, "fields": {"spanish_synonym": "sino2445", "spanish_original": 20}}, {"model": "glosario.spanish_alternative", "pk": 4, "fields": {"spanish_synonym": "spasino2504", "spanish_original": 21}}, {"model": "glosario.spanish_alternative", "pk": 5, "fields": {"spanish_synonym": "spasino2504", "spanish_original": 21}}, {"model": "glosario.comment", "pk": 1, "fields": {"english_entry": 1, "author": "Alejandro", "text": "El principal problema con el efecto pel\u00edcula es que aumenta la resistencia efectiva de un alambre para la corriente alterna, desde frecuencias moderadas hasta altas, en comparaci\u00f3n con la resistencia del mismo alambre a la corriente continua (CC) y a la CA de bajas frecuencia. El efecto es m\u00e1s pronunciado en sistemas de radiofrecuencia (RF), especialmente antenas y l\u00edneas de transmisi\u00f3n.", "created_date": "2017-06-30T22:10:30Z", "approved_comment": true}}, {"model": "glosario.comment", "pk": 2, "fields": {"english_entry": 2, "author": "Alejandro", "text": "En una se\u00f1al QAM, hay dos portadoras, cada una de las cuales tiene la misma frecuencia pero difiere en fase en 90 grados (un cuarto de ciclo, del cual surge el t\u00e9rmino cuadratura). Una se\u00f1al se denomina se\u00f1al I y la otra se llama se\u00f1al Q.", "created_date": "2017-06-30T22:48:39Z", "approved_comment": true}}, {"model": "glosario.comment", "pk": 3, "fields": {"english_entry": 2, "author": "Alejandro", "text": "Matem\u00e1ticamente, una de las se\u00f1ales puede ser representada por una onda senoidal, y la otra por una onda cosenoidal. Las dos portadoras moduladas se combinan en la fuente para su transmisi\u00f3n. En el destino, se separa las portadoras, los datos se extraen de cada una, y luego los datos se combinan en la informaci\u00f3n de modulaci\u00f3n original.", "created_date": "2017-06-30T22:49:10Z", "approved_comment": true}}, {"model": "glosario.comment", "pk": 4, "fields": {"english_entry": 38, "author": "alejo", "text": "comentario2434", "created_date": "2017-07-24T23:42:59Z", "approved_comment": true}}, {"model": "glosario.comment", "pk": 5, "fields": {"english_entry": 39, "author": "alejo", "text": "comentario2436", "created_date": "2017-07-24T23:47:58Z", "approved_comment": true}}, {"model": "glosario.comment", "pk": 6, "fields": {"english_entry": 42, "author": "alejo", "text": "comm2440", "created_date": "2017-07-25T00:23:38Z", "approved_comment": false}}, {"model": "glosario.comment", "pk": 7, "fields": {"english_entry": 44, "author": "engtranslator", "text": "comm2442", "created_date": "2017-07-25T00:54:18Z", "approved_comment": true}}, {"model": "glosario.comment", "pk": 8, "fields": {"english_entry": 46, "author": "engtranslator", "text": "comm2445", "created_date": "2017-07-25T02:26:11Z", "approved_comment": true}}, {"model": "glosario.comment", "pk": 9, "fields": {"english_entry": 50, "author": "engtranslator", "text": "comm2504", "created_date": "2017-07-25T13:06:40Z", "approved_comment": true}}, {"model": "glosario.comment", "pk": 10, "fields": {"english_entry": 50, "author": "engtranslator", "text": "comm25042", "created_date": "2017-07-25T13:06:40Z", "approved_comment": true}}, {"model": "auth.permission", "pk": 1, "fields": {"name": "Can add log entry", "content_type": 1, "codename": "add_logentry"}}, {"model": "auth.permission", "pk": 2, "fields": {"name": "Can change log entry", "content_type": 1, "codename": "change_logentry"}}, {"model": "auth.permission", "pk": 3, "fields": {"name": "Can delete log entry", "content_type": 1, "codename": "delete_logentry"}}, {"model": "auth.permission", "pk": 4, "fields": {"name": "Can add permission", "content_type": 2, "codename": "add_permission"}}, {"model": "auth.permission", "pk": 5, "fields": {"name": "Can change permission", "content_type": 2, "codename": "change_permission"}}, {"model": "auth.permission", "pk": 6, "fields": {"name": "Can delete permission", "content_type": 2, "codename": "delete_permission"}}, {"model": "auth.permission", "pk": 7, "fields": {"name": "Can add group", "content_type": 3, "codename": "add_group"}}, {"model": "auth.permission", "pk": 8, "fields": {"name": "Can change group", "content_type": 3, "codename": "change_group"}}, {"model": "auth.permission", "pk": 9, "fields": {"name": "Can delete group", "content_type": 3, "codename": "delete_group"}}, {"model": "auth.permission", "pk": 10, "fields": {"name": "Can add user", "content_type": 4, "codename": "add_user"}}, {"model": "auth.permission", "pk": 11, "fields": {"name": "Can change user", "content_type": 4, "codename": "change_user"}}, {"model": "auth.permission", "pk": 12, "fields": {"name": "Can delete user", "content_type": 4, "codename": "delete_user"}}, {"model": "auth.permission", "pk": 13, "fields": {"name": "Can add content type", "content_type": 5, "codename": "add_contenttype"}}, {"model": "auth.permission", "pk": 14, "fields": {"name": "Can change content type", "content_type": 5, "codename": "change_contenttype"}}, {"model": "auth.permission", "pk": 15, "fields": {"name": "Can delete content type", "content_type": 5, "codename": "delete_contenttype"}}, {"model": "auth.permission", "pk": 16, "fields": {"name": "Can add session", "content_type": 6, "codename": "add_session"}}, {"model": "auth.permission", "pk": 17, "fields": {"name": "Can change session", "content_type": 6, "codename": "change_session"}}, {"model": "auth.permission", "pk": 18, "fields": {"name": "Can delete session", "content_type": 6, "codename": "delete_session"}}, {"model": "auth.permission", "pk": 19, "fields": {"name": "Can add spanish_ alternative", "content_type": 7, "codename": "add_spanish_alternative"}}, {"model": "auth.permission", "pk": 20, "fields": {"name": "Can change spanish_ alternative", "content_type": 7, "codename": "change_spanish_alternative"}}, {"model": "auth.permission", "pk": 21, "fields": {"name": "Can delete spanish_ alternative", "content_type": 7, "codename": "delete_spanish_alternative"}}, {"model": "auth.permission", "pk": 22, "fields": {"name": "Can add english_ entry", "content_type": 8, "codename": "add_english_entry"}}, {"model": "auth.permission", "pk": 23, "fields": {"name": "Can change english_ entry", "content_type": 8, "codename": "change_english_entry"}}, {"model": "auth.permission", "pk": 24, "fields": {"name": "Can delete english_ entry", "content_type": 8, "codename": "delete_english_entry"}}, {"model": "auth.permission", "pk": 25, "fields": {"name": "Can add theme", "content_type": 9, "codename": "add_theme"}}, {"model": "auth.permission", "pk": 26, "fields": {"name": "Can change theme", "content_type": 9, "codename": "change_theme"}}, {"model": "auth.permission", "pk": 27, "fields": {"name": "Can delete theme", "content_type": 9, "codename": "delete_theme"}}, {"model": "auth.permission", "pk": 28, "fields": {"name": "Can add english_ alternative", "content_type": 10, "codename": "add_english_alternative"}}, {"model": "auth.permission", "pk": 29, "fields": {"name": "Can change english_ alternative", "content_type": 10, "codename": "change_english_alternative"}}, {"model": "auth.permission", "pk": 30, "fields": {"name": "Can delete english_ alternative", "content_type": 10, "codename": "delete_english_alternative"}}, {"model": "auth.permission", "pk": 31, "fields": {"name": "Can add comment", "content_type": 11, "codename": "add_comment"}}, {"model": "auth.permission", "pk": 32, "fields": {"name": "Can change comment", "content_type": 11, "codename": "change_comment"}}, {"model": "auth.permission", "pk": 33, "fields": {"name": "Can delete comment", "content_type": 11, "codename": "delete_comment"}}, {"model": "auth.permission", "pk": 34, "fields": {"name": "Can add chapter", "content_type": 12, "codename": "add_chapter"}}, {"model": "auth.permission", "pk": 35, "fields": {"name": "Can change chapter", "content_type": 12, "codename": "change_chapter"}}, {"model": "auth.permission", "pk": 36, "fields": {"name": "Can delete chapter", "content_type": 12, "codename": "delete_chapter"}}, {"model": "auth.permission", "pk": 37, "fields": {"name": "Can add spanish_ entry", "content_type": 13, "codename": "add_spanish_entry"}}, {"model": "auth.permission", "pk": 38, "fields": {"name": "Can change spanish_ entry", "content_type": 13, "codename": "change_spanish_entry"}}, {"model": "auth.permission", "pk": 39, "fields": {"name": "Can delete spanish_ entry", "content_type": 13, "codename": "delete_spanish_entry"}}, {"model": "auth.user", "pk": 1, "fields": {"password": "pbkdf2_sha256$36000$k33oISDNWAsh$bKLnrvidMGkKpvHw3hKnr6ytwE1TTOlWKFT3hgpwBp0=", "last_login": "2017-06-30T20:45:54.731Z", "is_superuser": true, "username": "admin", "first_name": "", "last_name": "", "email": "adminalejo@gmail.com", "is_staff": true, "is_active": true, "date_joined": "2017-06-30T20:44:15.076Z", "groups": [], "user_permissions": []}}, {"model": "auth.user", "pk": 2, "fields": {"password": "pbkdf2_sha256$36000$eI0Hxku53AqF$oADXpFmDq4XKiB7rF7XmHdgvA0uwwj2NY4HVBgl5q3c=", "last_login": "2017-07-19T17:23:05.330Z", "is_superuser": true, "username": "alejoadmin", "first_name": "", "last_name": "", "email": "alejo@gmail.com", "is_staff": true, "is_active": true, "date_joined": "2017-07-19T17:19:28.163Z", "groups": [], "user_permissions": []}}, {"model": "admin.logentry", "pk": 1, "fields": {"action_time": "2017-06-30T21:51:24.101Z", "user": 1, "content_type": 12, "object_id": "1", "object_repr": "Chapter object", "action_flag": 1, "change_message": "[{\"added\": {}}]"}}, {"model": "admin.logentry", "pk": 2, "fields": {"action_time": "2017-06-30T21:51:49.146Z", "user": 1, "content_type": 12, "object_id": "1", "object_repr": "Chapter object", "action_flag": 2, "change_message": "[]"}}, {"model": "admin.logentry", "pk": 3, "fields": {"action_time": "2017-06-30T21:54:13.529Z", "user": 1, "content_type": 12, "object_id": "1", "object_repr": "Chapter object", "action_flag": 2, "change_message": "[]"}}, {"model": "admin.logentry", "pk": 4, "fields": {"action_time": "2017-06-30T22:03:05.898Z", "user": 1, "content_type": 9, "object_id": "1", "object_repr": "Electronics", "action_flag": 1, "change_message": "[{\"added\": {}}]"}}, {"model": "admin.logentry", "pk": 5, "fields": {"action_time": "2017-06-30T22:06:05.307Z", "user": 1, "content_type": 8, "object_id": "1", "object_repr": "skin effect", "action_flag": 1, "change_message": "[{\"added\": {}}]"}}, {"model": "admin.logentry", "pk": 6, "fields": {"action_time": "2017-06-30T22:08:39.420Z", "user": 1, "content_type": 13, "object_id": "1", "object_repr": "efecto pel\u00edcula", "action_flag": 1, "change_message": "[{\"added\": {}}]"}}, {"model": "admin.logentry", "pk": 7, "fields": {"action_time": "2017-06-30T22:09:13.202Z", "user": 1, "content_type": 13, "object_id": "1", "object_repr": "efecto pel\u00edcula", "action_flag": 2, "change_message": "[]"}}, {"model": "admin.logentry", "pk": 8, "fields": {"action_time": "2017-06-30T22:10:55.693Z", "user": 1, "content_type": 11, "object_id": "1", "object_repr": "El principal problema con el efecto pel\u00edcula es que aumenta la resistencia efectiva de un alambre para la corriente alterna, desde frecuencias moderadas hasta altas, en comparaci\u00f3n con la resistencia ", "action_flag": 1, "change_message": "[{\"added\": {}}]"}}, {"model": "admin.logentry", "pk": 9, "fields": {"action_time": "2017-06-30T22:22:32.834Z", "user": 1, "content_type": 12, "object_id": "2", "object_repr": "Networking", "action_flag": 1, "change_message": "[{\"added\": {}}]"}}, {"model": "admin.logentry", "pk": 10, "fields": {"action_time": "2017-06-30T22:23:35.856Z", "user": 1, "content_type": 9, "object_id": "2", "object_repr": "Data transmission", "action_flag": 1, "change_message": "[{\"added\": {}}]"}}, {"model": "admin.logentry", "pk": 11, "fields": {"action_time": "2017-06-30T22:25:08.616Z", "user": 1, "content_type": 8, "object_id": "2", "object_repr": "Quadrature Amplitude Modulation", "action_flag": 1, "change_message": "[{\"added\": {}}]"}}, {"model": "admin.logentry", "pk": 12, "fields": {"action_time": "2017-06-30T22:25:27.396Z", "user": 1, "content_type": 10, "object_id": "1", "object_repr": "QAM", "action_flag": 1, "change_message": "[{\"added\": {}}]"}}, {"model": "admin.logentry", "pk": 13, "fields": {"action_time": "2017-06-30T22:48:12.505Z", "user": 1, "content_type": 13, "object_id": "2", "object_repr": "modulaci\u00f3n de amplitud en cuadratura", "action_flag": 1, "change_message": "[{\"added\": {}}]"}}, {"model": "admin.logentry", "pk": 14, "fields": {"action_time": "2017-06-30T22:49:10.153Z", "user": 1, "content_type": 11, "object_id": "2", "object_repr": "En una se\u00f1al QAM, hay dos portadoras, cada una de las cuales tiene la misma frecuencia pero difiere en fase en 90 grados (un cuarto de ciclo, del cual surge el t\u00e9rmino cuadratura). Una se\u00f1al se denomi", "action_flag": 1, "change_message": "[{\"added\": {}}]"}}, {"model": "admin.logentry", "pk": 15, "fields": {"action_time": "2017-06-30T22:49:32.785Z", "user": 1, "content_type": 11, "object_id": "3", "object_repr": "Matem\u00e1ticamente, una de las se\u00f1ales puede ser representada por una onda senoidal, y la otra por una onda cosenoidal. Las dos portadoras moduladas se combinan en la fuente para su transmisi\u00f3n. En el de", "action_flag": 1, "change_message": "[{\"added\": {}}]"}}, {"model": "admin.logentry", "pk": 16, "fields": {"action_time": "2017-06-30T22:51:59.666Z", "user": 1, "content_type": 7, "object_id": "1", "object_repr": "QAM", "action_flag": 1, "change_message": "[{\"added\": {}}]"}}, {"model": "admin.logentry", "pk": 17, "fields": {"action_time": "2017-07-01T15:15:43.034Z", "user": 1, "content_type": 9, "object_id": "3", "object_repr": "Radiotransmission", "action_flag": 1, "change_message": "[{\"added\": {}}]"}}, {"model": "admin.logentry", "pk": 18, "fields": {"action_time": "2017-07-01T15:16:01.001Z", "user": 1, "content_type": 8, "object_id": "3", "object_repr": "modulation", "action_flag": 1, "change_message": "[{\"added\": {}}]"}}, {"model": "admin.logentry", "pk": 19, "fields": {"action_time": "2017-07-01T15:17:05.726Z", "user": 1, "content_type": 8, "object_id": "3", "object_repr": "modulation", "action_flag": 2, "change_message": "[]"}}, {"model": "admin.logentry", "pk": 20, "fields": {"action_time": "2017-07-20T17:00:57.352Z", "user": 2, "content_type": 13, "object_id": "2", "object_repr": "modulaci\u00f3n de amplitud en cuadratura", "action_flag": 2, "change_message": "[]"}}, {"model": "admin.logentry", "pk": 21, "fields": {"action_time": "2017-07-20T17:37:29.286Z", "user": 2, "content_type": 13, "object_id": "3", "object_repr": "prueba", "action_flag": 1, "change_message": "[{\"added\": {}}]"}}, {"model": "admin.logentry", "pk": 22, "fields": {"action_time": "2017-07-20T17:37:44.952Z", "user": 2, "content_type": 13, "object_id": "3", "object_repr": "prueba", "action_flag": 2, "change_message": "[]"}}, {"model": "admin.logentry", "pk": 23, "fields": {"action_time": "2017-07-20T17:44:07.363Z", "user": 2, "content_type": 13, "object_id": "3", "object_repr": "prueba", "action_flag": 2, "change_message": "[]"}}, {"model": "admin.logentry", "pk": 24, "fields": {"action_time": "2017-07-20T17:44:41.830Z", "user": 2, "content_type": 13, "object_id": "2", "object_repr": "modulaci\u00f3n de amplitud en cuadratura", "action_flag": 2, "change_message": "[]"}}, {"model": "admin.logentry", "pk": 25, "fields": {"action_time": "2017-07-20T17:54:55.254Z", "user": 2, "content_type": 13, "object_id": "1", "object_repr": "efecto pel\u00edcula", "action_flag": 2, "change_message": "[]"}}, {"model": "admin.logentry", "pk": 26, "fields": {"action_time": "2017-07-23T23:16:58.889Z", "user": 2, "content_type": 8, "object_id": "1", "object_repr": "skin effect", "action_flag": 2, "change_message": "[]"}}, {"model": "admin.logentry", "pk": 27, "fields": {"action_time": "2017-07-24T17:02:20.241Z", "user": 2, "content_type": 10, "object_id": "4", "object_repr": "English_Alternative object", "action_flag": 2, "change_message": "[{\"changed\": {\"fields\": [\"english_synonym\"]}}]"}}, {"model": "admin.logentry", "pk": 28, "fields": {"action_time": "2017-07-24T18:10:27.450Z", "user": 2, "content_type": 13, "object_id": "13", "object_repr": "", "action_flag": 3, "change_message": ""}}, {"model": "admin.logentry", "pk": 29, "fields": {"action_time": "2017-07-24T18:12:35.409Z", "user": 2, "content_type": 10, "object_id": "7", "object_repr": "English_Alternative object", "action_flag": 3, "change_message": ""}}, {"model": "admin.logentry", "pk": 30, "fields": {"action_time": "2017-07-24T18:41:20.964Z", "user": 2, "content_type": 13, "object_id": "14", "object_repr": "", "action_flag": 3, "change_message": ""}}, {"model": "admin.logentry", "pk": 31, "fields": {"action_time": "2017-07-24T20:00:28.014Z", "user": 2, "content_type": 13, "object_id": "15", "object_repr": "", "action_flag": 3, "change_message": ""}}, {"model": "admin.logentry", "pk": 32, "fields": {"action_time": "2017-07-24T20:00:57.250Z", "user": 2, "content_type": 10, "object_id": "8", "object_repr": "", "action_flag": 3, "change_message": ""}}, {"model": "admin.logentry", "pk": 33, "fields": {"action_time": "2017-07-24T20:00:57.337Z", "user": 2, "content_type": 10, "object_id": "7", "object_repr": "", "action_flag": 3, "change_message": ""}}]