[{"model": "glosario.chapter", "pk": 1, "fields": {"chapter_name": "Computer Science"}},
 {"model": "glosario.chapter", "pk": 2, "fields": {"chapter_name": "Networking"}},
 {"model": "glosario.chapter", "pk": 3, "fields": {"chapter_name": "Application Development"}},
 {"model": "glosario.chapter", "pk": 4, "fields": {"chapter_name": "Business Software"}},
 {"model": "glosario.chapter", "pk": 5, "fields": {"chapter_name": "Consumer Technology"}},
 {"model": "glosario.chapter", "pk": 6, "fields": {"chapter_name": "Data Center"}},
 {"model": "glosario.chapter", "pk": 7, "fields": {"chapter_name": "IT Management"}},
 {"model": "glosario.chapter", "pk": 8, "fields": {"chapter_name": "Security"}},
 {"model": "glosario.chapter", "pk": 9, "fields": {"chapter_name": "Storage and Data Management"}},
 {"model": "glosario.theme", "pk": 1, "fields": {"theme_name": "Electronics", "parent_chapter": 1}},
 {"model": "glosario.theme", "pk": 2, "fields": {"theme_name": "Data transmission", "parent_chapter": 2}},
 {"model": "glosario.theme", "pk": 17, "fields": {"theme_name": "Authentication", "parent_chapter": 8}}, {"model": "glosario.theme", "pk": 18, "fields": {"theme_name": "Internet applications", "parent_chapter": 3}}, {"model": "glosario.theme", "pk": 19, "fields": {"theme_name": "Apple", "parent_chapter": 3}}, {"model": "glosario.theme", "pk": 20, "fields": {"theme_name": "Linux", "parent_chapter": 3}}, {"model": "glosario.theme", "pk": 21, "fields": {"theme_name": "Software applications", "parent_chapter": 3}}, {"model": "glosario.theme", "pk": 22, "fields": {"theme_name": "Microsoft", "parent_chapter": 3}}, {"model": "glosario.theme", "pk": 23, "fields": {"theme_name": "Networking and communications", "parent_chapter": 2}}, {"model": "glosario.theme", "pk": 24, "fields": {"theme_name": "Agile methodologies", "parent_chapter": 3}}, {"model": "glosario.theme", "pk": 25, "fields": {"theme_name": "Java", "parent_chapter": 3}}, {"model": "glosario.theme", "pk": 26, "fields": {"theme_name": "Operating systems", "parent_chapter": 3}}, {"model": "glosario.theme", "pk": 28, "fields": {"theme_name": "Open source in AD", "parent_chapter": 3}}, {"model": "glosario.theme", "pk": 32, "fields": {"theme_name": "Programming", "parent_chapter": 3}}, {"model": "glosario.theme", "pk": 33, "fields": {"theme_name": "Software Development", "parent_chapter": 3}}, {"model": "glosario.theme", "pk": 34, "fields": {"theme_name": "Web services - SOA", "parent_chapter": 3}}, {"model": "glosario.theme", "pk": 35, "fields": {"theme_name": "Amazon Cloud Services", "parent_chapter": 4}}, {"model": "glosario.theme", "pk": 36, "fields": {"theme_name": "Google - Android", "parent_chapter": 4}}, {"model": "glosario.theme", "pk": 37, "fields": {"theme_name": "Microsoft - Windows", "parent_chapter": 4}}, {"model": "glosario.theme", "pk": 38, "fields": {"theme_name": "Open Source in BS", "parent_chapter": 4}}, {"model": "glosario.theme", "pk": 39, "fields": {"theme_name": "Oracle", "parent_chapter": 4}}, {"model": "glosario.theme", "pk": 40, "fields": {"theme_name": "SAP", "parent_chapter": 4}}, {"model": "glosario.theme", "pk": 41, "fields": {"theme_name": "Salesforce", "parent_chapter": 4}}, {"model": "glosario.theme", "pk": 42, "fields": {"theme_name": "VMware", "parent_chapter": 4}}, {"model": "glosario.theme", "pk": 43, "fields": {"theme_name": "Computing fundamentals", "parent_chapter": 1}}, {"model": "glosario.theme", "pk": 44, "fields": {"theme_name": "IT standards and organizations", "parent_chapter": 1}}, {"model": "glosario.theme", "pk": 45, "fields": {"theme_name": "Mathematics", "parent_chapter": 1}}, {"model": "glosario.theme", "pk": 46, "fields": {"theme_name": "Microprocessors", "parent_chapter": 1}}, {"model": "glosario.theme", "pk": 47, "fields": {"theme_name": "Nanotechnology", "parent_chapter": 1}}, {"model": "glosario.theme", "pk": 48, "fields": {"theme_name": "Protocols", "parent_chapter": 1}}, {"model": "glosario.theme", "pk": 49, "fields": {"theme_name": "Robotics", "parent_chapter": 1}}, {"model": "glosario.theme", "pk": 50, "fields": {"theme_name": "Desktop PCs", "parent_chapter": 5}}, {"model": "glosario.theme", "pk": 51, "fields": {"theme_name": "Internet acronyms and lingo", "parent_chapter": 5}}, {"model": "glosario.theme", "pk": 52, "fields": {"theme_name": "Internet technologies", "parent_chapter": 5}}, {"model": "glosario.theme", "pk": 53, "fields": {"theme_name": "Multimedia and graphics", "parent_chapter": 5}}, {"model": "glosario.theme", "pk": 54, "fields": {"theme_name": "Peripherals", "parent_chapter": 5}}, {"model": "glosario.theme", "pk": 55, "fields": {"theme_name": "Personal computing", "parent_chapter": 5}}, {"model": "glosario.theme", "pk": 56, "fields": {"theme_name": "Printers", "parent_chapter": 5}}, {"model": "glosario.theme", "pk": 57, "fields": {"theme_name": "Wireless and mobile", "parent_chapter": 5}}, {"model": "glosario.theme", "pk": 58, "fields": {"theme_name": "Cloud computing", "parent_chapter": 6}}, {"model": "glosario.theme", "pk": 59, "fields": {"theme_name": "Converged infrastructure", "parent_chapter": 6}}, {"model": "glosario.theme", "pk": 60, "fields": {"theme_name": "Data center management", "parent_chapter": 6}}, {"model": "glosario.theme", "pk": 61, "fields": {"theme_name": "Disaster recovery", "parent_chapter": 6}}, {"model": "glosario.theme", "pk": 62, "fields": {"theme_name": "Hardware", "parent_chapter": 6}}, {"model": "glosario.theme", "pk": 63, "fields": {"theme_name": "IT Operations", "parent_chapter": 6}}, {"model": "glosario.theme", "pk": 64, "fields": {"theme_name": "Storage hardware", "parent_chapter": 6}}, {"model": "glosario.theme", "pk": 65, "fields": {"theme_name": "Virtualization", "parent_chapter": 6}}, {"model": "glosario.theme", "pk": 66, "fields": {"theme_name": "Business software", "parent_chapter": 7}}, {"model": "glosario.theme", "pk": 67, "fields": {"theme_name": "Business terms", "parent_chapter": 7}}, {"model": "glosario.theme", "pk": 68, "fields": {"theme_name": "Compliance", "parent_chapter": 7}}, {"model": "glosario.theme", "pk": 69, "fields": {"theme_name": "Customer relationship management (CRM)", "parent_chapter": 7}}, {"model": "glosario.theme", "pk": 70, "fields": {"theme_name": "Government IT", "parent_chapter": 7}}, {"model": "glosario.theme", "pk": 71, "fields": {"theme_name": "Healthcare IT", "parent_chapter": 7}}, {"model": "glosario.theme", "pk": 72, "fields": {"theme_name": "IT Procurement", "parent_chapter": 7}}, {"model": "glosario.theme", "pk": 73, "fields": {"theme_name": "Network administration", "parent_chapter": 7}}, {"model": "glosario.theme", "pk": 74, "fields": {"theme_name": "Project management", "parent_chapter": 7}}, {"model": "glosario.theme", "pk": 75, "fields": {"theme_name": "Search engine optimization (SEO)", "parent_chapter": 7}}, {"model": "glosario.theme", "pk": 76, "fields": {"theme_name": "Security management", "parent_chapter": 7}}, {"model": "glosario.theme", "pk": 77, "fields": {"theme_name": "Software management", "parent_chapter": 7}}, {"model": "glosario.theme", "pk": 78, "fields": {"theme_name": "Storage management", "parent_chapter": 7}}, {"model": "glosario.theme", "pk": 79, "fields": {"theme_name": "Circuit switched services", "parent_chapter": 2}}, {"model": "glosario.theme", "pk": 80, "fields": {"theme_name": "Email and messaging", "parent_chapter": 2}}, {"model": "glosario.theme", "pk": 81, "fields": {"theme_name": "High-speed networks", "parent_chapter": 2}}, {"model": "glosario.theme", "pk": 82, "fields": {"theme_name": "Internet of Things", "parent_chapter": 2}}, {"model": "glosario.theme", "pk": 83, "fields": {"theme_name": "Local area networks", "parent_chapter": 2}}, {"model": "glosario.theme", "pk": 84, "fields": {"theme_name": "Network hardware", "parent_chapter": 2}}, {"model": "glosario.theme", "pk": 85, "fields": {"theme_name": "Network software", "parent_chapter": 2}}, {"model": "glosario.theme", "pk": 86, "fields": {"theme_name": "Routing and switching", "parent_chapter": 2}}, {"model": "glosario.theme", "pk": 87, "fields": {"theme_name": "Smart grid", "parent_chapter": 2}}, {"model": "glosario.theme", "pk": 88, "fields": {"theme_name": "Telecom", "parent_chapter": 2}}, {"model": "glosario.theme", "pk": 89, "fields": {"theme_name": "Voice over IP", "parent_chapter": 2}}, {"model": "glosario.theme", "pk": 90, "fields": {"theme_name": "Wireless LANs", "parent_chapter": 2}}, {"model": "glosario.theme", "pk": 91, "fields": {"theme_name": "Wireless technologies", "parent_chapter": 2}}, {"model": "glosario.theme", "pk": 92, "fields": {"theme_name": "Application security", "parent_chapter": 8}}, {"model": "glosario.theme", "pk": 93, "fields": {"theme_name": "Malware", "parent_chapter": 8}}, {"model": "glosario.theme", "pk": 94, "fields": {"theme_name": "Network security", "parent_chapter": 8}}, {"model": "glosario.theme", "pk": 95, "fields": {"theme_name": "Security threats and countermeasures", "parent_chapter": 8}}, {"model": "glosario.theme", "pk": 96, "fields": {"theme_name": "Spyware", "parent_chapter": 8}}, {"model": "glosario.theme", "pk": 97, "fields": {"theme_name": "Backup and recovery", "parent_chapter": 9}}, {"model": "glosario.theme", "pk": 98, "fields": {"theme_name": "Business intelligence and analytics", "parent_chapter": 9}}, {"model": "glosario.theme", "pk": 99, "fields": {"theme_name": "Content management", "parent_chapter": 9}}, {"model": "glosario.theme", "pk": 100, "fields": {"theme_name": "Customer data management", "parent_chapter": 9}}, {"model": "glosario.theme", "pk": 101, "fields": {"theme_name": "Data and data management", "parent_chapter": 9}}, {"model": "glosario.theme", "pk": 102, "fields": {"theme_name": "Data deduplication", "parent_chapter": 9}}, {"model": "glosario.theme", "pk": 103, "fields": {"theme_name": "Database", "parent_chapter": 9}}, {"model": "glosario.theme", "pk": 104, "fields": {"theme_name": "Network-attached storage", "parent_chapter": 9}}, {"model": "glosario.theme", "pk": 105, "fields": {"theme_name": "Storage-area network", "parent_chapter": 9}}, {"model": "glosario.english_entry", "pk": 2, "fields": {"english_word": "Quadrature Amplitude Modulation", "parent_theme": [2], "english_related": []}}, {"model": "glosario.english_entry", "pk": 52, "fields": {"english_word": "skin effect", "parent_theme": [1], "english_related": []}}, {"model": "glosario.english_entry", "pk": 53, "fields": {"english_word": "Amplitude Modulation", "parent_theme": [1], "english_related": []}}, {"model": "glosario.english_entry", "pk": 54, "fields": {"english_word": "Frequency Modulation", "parent_theme": [1], "english_related": []}}, {"model": "glosario.english_entry", "pk": 55, "fields": {"english_word": "Phase-shift Keying", "parent_theme": [1], "english_related": []}}, {"model": "glosario.english_entry", "pk": 56, "fields": {"english_word": "simplex", "parent_theme": [23], "english_related": []}}, {"model": "glosario.english_entry", "pk": 57, "fields": {"english_word": "authentication", "parent_theme": [17], "english_related": []}}, {"model": "glosario.english_entry", "pk": 58, "fields": {"english_word": "Ajax", "parent_theme": [18], "english_related": []}}, {"model": "glosario.english_entry", "pk": 59, "fields": {"english_word": "Daylight Saving Time patch", "parent_theme": [19, 20, 21, 22], "english_related": []}}, {"model": "glosario.english_alternative", "pk": 1, "fields": {"english_synonym": "QAM", "english_original": 2}}, {"model": "glosario.english_alternative", "pk": 18, "fields": {"english_synonym": "AM", "english_original": 53}}, {"model": "glosario.english_alternative", "pk": 19, "fields": {"english_synonym": "FM", "english_original": 54}}, {"model": "glosario.english_alternative", "pk": 20, "fields": {"english_synonym": "PSK", "english_original": 55}}, {"model": "glosario.english_alternative", "pk": 21, "fields": {"english_synonym": "SX", "english_original": 56}}, {"model": "glosario.english_alternative", "pk": 22, "fields": {"english_synonym": "Asynchronous JavaScript and XML", "english_original": 58}}, {"model": "glosario.english_alternative", "pk": 23, "fields": {"english_synonym": "DST patch", "english_original": 59}}, {"model": "glosario.spanish_entry", "pk": 2, "fields": {"english_entry": 2, "spanish_word": "modulaci\u00f3n de amplitud en cuadratura", "spanish_definition": "QAM (modulaci\u00f3n de amplitud en cuadratura) es un m\u00e9todo de combinaci\u00f3n de dos se\u00f1ales moduladas en amplitud (AM) en un solo canal, duplicando as\u00ed el ancho de banda efectivo.", "spanish_included": []}}, {"model": "glosario.spanish_entry", "pk": 23, "fields": {"english_entry": 52, "spanish_word": "efecto pel\u00edcula", "spanish_definition": "El efecto pel\u00edcula es una tendencia de la corriente alterna (CA) a fluir principalmente cerca de la superficie exterior de un conductor el\u00e9ctrico, como por ejemplo en un alambre met\u00e1lico. El efecto se hace cada vez m\u00e1s evidente a medida que aumenta la frecuencia.", "spanish_included": []}}, {"model": "glosario.spanish_entry", "pk": 24, "fields": {"english_entry": 53, "spanish_word": "modulacion de amplitud", "spanish_definition": "Variar la amplitud instant\u00e1nea de la onda portadora en proporci\u00f3n a la amplitud de la se\u00f1al anal\u00f3gica de informaci\u00f3n", "spanish_included": []}}, {"model": "glosario.spanish_entry", "pk": 25, "fields": {"english_entry": 54, "spanish_word": "modulaci\u00f3n de frecuencia", "spanish_definition": "Variar la frecuencia de la onda portadora en proporci\u00f3n a la amplitud de la se\u00f1al anal\u00f3gica o digital de informaci\u00f3n", "spanish_included": []}}, {"model": "glosario.spanish_entry", "pk": 26, "fields": {"english_entry": 55, "spanish_word": "modulaci\u00f3n por conmutaci\u00f3n de fase", "spanish_definition": "Variar la fase de la onda portadora en proporci\u00f3n a la se\u00f1al digital de informaci\u00f3n", "spanish_included": []}}, {"model": "glosario.spanish_entry", "pk": 27, "fields": {"english_entry": 56, "spanish_word": "s\u00edmplex", "spanish_definition": "Transmisi\u00f3n de una se\u00f1al en una sola direcci\u00f3n", "spanish_included": []}}, {"model": "glosario.spanish_entry", "pk": 28, "fields": {"english_entry": 57, "spanish_word": "autenticaci\u00f3n", "spanish_definition": "La autenticaci\u00f3n es el proceso de determinar si alguien o algo es en realidad quien es o lo que dice ser", "spanish_included": []}}, {"model": "glosario.spanish_entry", "pk": 29, "fields": {"english_entry": 58, "spanish_word": "Ajax", "spanish_definition": "Ajax es un m\u00e9todo de construcci\u00f3n de aplicaciones interactivas para la Web que procesa las solicitudes de los usuarios de inmediato. Ajax no es una tecnolog\u00eda patentada ni un producto empaquetado.", "spanish_included": []}}, {"model": "glosario.spanish_entry", "pk": 30, "fields": {"english_entry": 59, "spanish_word": "parche del horario de verano", "spanish_definition": "Es una pieza modular de c\u00f3digo creada para actualizar los sistemas, dispositivos y programas para la compatibilidad con nuevas fechas de inicio y fin de horario de verano", "spanish_included": []}}, {"model": "glosario.spanish_alternative", "pk": 1, "fields": {"spanish_synonym": "QAM", "spanish_original": 2}}, {"model": "glosario.spanish_alternative", "pk": 6, "fields": {"spanish_synonym": "amplitud modulada", "spanish_original": 24}}, {"model": "glosario.spanish_alternative", "pk": 7, "fields": {"spanish_synonym": "AM", "spanish_original": 24}}, {"model": "glosario.spanish_alternative", "pk": 8, "fields": {"spanish_synonym": "frecuencia modulada", "spanish_original": 25}}, {"model": "glosario.spanish_alternative", "pk": 9, "fields": {"spanish_synonym": "FM", "spanish_original": 25}}, {"model": "glosario.spanish_alternative", "pk": 10, "fields": {"spanish_synonym": "PSK", "spanish_original": 26}}, {"model": "glosario.spanish_alternative", "pk": 11, "fields": {"spanish_synonym": "SX", "spanish_original": 27}}, {"model": "glosario.spanish_alternative", "pk": 12, "fields": {"spanish_synonym": "JavaScript y XML as\u00edncronos", "spanish_original": 29}}, {"model": "glosario.spanish_alternative", "pk": 13, "fields": {"spanish_synonym": "patch del horario de verano", "spanish_original": 30}}, {"model": "glosario.comment", "pk": 2, "fields": {"english_entry": 2, "author": "Alejandro", "text": "En una se\u00f1al QAM, hay dos portadoras, cada una de las cuales tiene la misma frecuencia pero difiere en fase en 90 grados (un cuarto de ciclo, del cual surge el t\u00e9rmino cuadratura). Una se\u00f1al se denomina se\u00f1al I y la otra se llama se\u00f1al Q.", "created_date": "2017-06-30T22:48:39Z", "approved_comment": true}}, {"model": "glosario.comment", "pk": 3, "fields": {"english_entry": 2, "author": "Alejandro", "text": "Matem\u00e1ticamente, una de las se\u00f1ales puede ser representada por una onda senoidal, y la otra por una onda cosenoidal. Las dos portadoras moduladas se combinan en la fuente para su transmisi\u00f3n. En el destino, se separa las portadoras, los datos se extraen de cada una, y luego los datos se combinan en la informaci\u00f3n de modulaci\u00f3n original.", "created_date": "2017-06-30T22:49:10Z", "approved_comment": true}}, {"model": "glosario.comment", "pk": 11, "fields": {"english_entry": 52, "author": "engtranslator", "text": "El principal problema con el efecto pel\u00edcula es que aumenta la resistencia efectiva de un alambre para la corriente alterna, desde frecuencias moderadas hasta altas, en comparaci\u00f3n con la resistencia del mismo alambre a la corriente continua (CC) y a la CA de bajas frecuencia. El efecto es m\u00e1s pronunciado en sistemas de radiofrecuencia (RF), especialmente antenas y l\u00edneas de transmisi\u00f3n.", "created_date": "2017-07-26T21:23:11Z", "approved_comment": true}}, {"model": "glosario.comment", "pk": 12, "fields": {"english_entry": 53, "author": "engtranslator", "text": "La modulaci\u00f3n de amplitud (AM) es un m\u00e9todo para insertar datos en una onda portadora de corriente alterna (CA) . La frecuencia  m\u00e1s alta de los datos de la modulante normalmente inferior al 10 por ciento de la frecuencia portadora. La amplitud instant\u00e1nea (potencia total de la se\u00f1al) var\u00eda dependiendo de la amplitud instant\u00e1nea de los datos de la modulante.", "created_date": "2017-07-26T21:27:26Z", "approved_comment": true}}, {"model": "glosario.comment", "pk": 13, "fields": {"english_entry": 53, "author": "engtranslator", "text": "En AM, la portadora en si misma no fluct\u00faa en amplitud. En cambio, los datos de modulaci\u00f3n aparecen en forma de componentes de se\u00f1al a frecuencias ligeramente superiores e inferiores a las de la portadora. Estos componentes se denominan bandas laterales, tanto superior como inferior.", "created_date": "2017-07-26T21:27:26Z", "approved_comment": true}}, {"model": "glosario.comment", "pk": 14, "fields": {"english_entry": 54, "author": "engtranslator", "text": "En FM anal\u00f3gica, la frecuencia de la se\u00f1al de onda de corriente alterna , tambi\u00e9n llamada la portadora, var\u00eda de manera continua.", "created_date": "2017-07-26T22:28:19Z", "approved_comment": true}}, {"model": "glosario.comment", "pk": 15, "fields": {"english_entry": 54, "author": "engtranslator", "text": "En FM digital, la frecuencia portadora cambia abruptamente, en lugar de variar continuamente. El n\u00famero de posibles estados de la frecuencia portadora suele ser una potencia de 2", "created_date": "2017-07-26T22:28:19Z", "approved_comment": true}}, {"model": "glosario.comment", "pk": 16, "fields": {"english_entry": 55, "author": "engtranslator", "text": "La t\u00e9cnica PSK m\u00e1s simple se llama modulaci\u00f3n binaria por conmutaci\u00f3n de fase (BPSK).", "created_date": "2017-07-26T22:32:48Z", "approved_comment": true}}, {"model": "glosario.comment", "pk": 17, "fields": {"english_entry": 55, "author": "engtranslator", "text": "Existen formas m\u00e1s sofisticadas de PSK. En una modulaci\u00f3n por conmutaci\u00f3n de fase de orden m o m-aria (MPSK), existen m\u00e1s de dos fases, generalmente cuatro (0, +90, -90 y 180 grados) u ocho (0, +45, -45, +90, -90, +135, -135 y 180 grados).", "created_date": "2017-07-26T22:32:48Z", "approved_comment": true}}, {"model": "glosario.comment", "pk": 18, "fields": {"english_entry": 56, "author": "engtranslator", "text": "En transmisi\u00f3n inal\u00e1mbrica a alta frecuencia y microondas,  no proporciona suficiente rango de comunicaciones en algunas situaciones. Para aumentar el alcance efectivo, se utiliza repetidores inal\u00e1mbricos. En un repetidor t\u00edpico, la se\u00f1al entrante tiene una frecuencia diferente que la se\u00f1al saliente", "created_date": "2017-07-26T22:36:01Z", "approved_comment": true}}, {"model": "glosario.comment", "pk": 19, "fields": {"english_entry": 57, "author": "engtranslator", "text": "la autenticaci\u00f3n precede a la autorizaci\u00f3n (aunque a menudo pueda ser que parecen estar combinadas). Los dos t\u00e9rminos se usan a menudo como sin\u00f3nimos, pero son dos procesos diferentes", "created_date": "2017-07-27T23:05:01Z", "approved_comment": true}}, {"model": "glosario.comment", "pk": 20, "fields": {"english_entry": 57, "author": "engtranslator", "text": "La autenticaci\u00f3n es un proceso en el cual las credenciales proporcionadas se comparan con las que se encuentran archivadas en una base de datos con la informaci\u00f3n de los usuarios autorizados en un sistema operativo local o dentro de un servidor de autenticaci\u00f3n. Si las credenciales coinciden, se completa el proceso y se concede al usuario autorizaci\u00f3n para acceder.", "created_date": "2017-07-27T23:05:01Z", "approved_comment": true}}, {"model": "glosario.comment", "pk": 21, "fields": {"english_entry": 58, "author": "engtranslator", "text": "Ajax combina varias herramientas de programaci\u00f3n incluyendo JavaScript, HTML din\u00e1mico (DHTML), Extensible Markup Language (XML), Cascading Stylesheets (CSS), Modelo de objetos del documento (DOM), y el objeto de Microsoft  XMLHttpRequest (XHR)", "created_date": "2017-07-27T23:28:04Z", "approved_comment": true}}, {"model": "glosario.comment", "pk": 22, "fields": {"english_entry": 58, "author": "engtranslator", "text": "Ajax permite que el contenido de las p\u00e1ginas Web se actualice inmediatamente cuando un usuario realiza una acci\u00f3n, a diferencia de una solicitud HTTP, durante la cual los usuarios deben esperar a que se cargue una p\u00e1gina nueva completamente.", "created_date": "2017-07-27T23:28:04Z", "approved_comment": true}}, {"model": "glosario.comment", "pk": 23, "fields": {"english_entry": 59, "author": "engtranslator", "text": "A partir del 11 de marzo de 2007, los relojes se adelantan una hora el segundo domingo de marzo y se retrasan el primer domingo de noviembre", "created_date": "2017-07-27T23:39:59Z", "approved_comment": true}}, {"model": "glosario.comment", "pk": 24, "fields": {"english_entry": 59, "author": "engtranslator", "text": "Las discrepancias de tiempo podr\u00edan causar problemas de programaci\u00f3n y sincronizaci\u00f3n para sistemas operativos, aplicaciones y dispositivos sin el parche. Indirectamente, los cambios pueden afectar no s\u00f3lo a los sistemas en estas \u00e1reas, sino tambi\u00e9n a los sistemas que interact\u00faan con ellos.", "created_date": "2017-07-27T23:39:59Z", "approved_comment": true}}, {"model": "glosario.comment", "pk": 25, "fields": {"english_entry": 52, "author": "engtranslator", "text": "En resumen, el \u00e1rea transversal efectiva es menor y la resistencia es mayor", "created_date": "2017-07-29T20:32:34Z", "approved_comment": true}}, {"model": "auth.permission", "pk": 1, "fields": {"name": "Can add log entry", "content_type": 1, "codename": "add_logentry"}}, {"model": "auth.permission", "pk": 2, "fields": {"name": "Can change log entry", "content_type": 1, "codename": "change_logentry"}}, {"model": "auth.permission", "pk": 3, "fields": {"name": "Can delete log entry", "content_type": 1, "codename": "delete_logentry"}}, {"model": "auth.permission", "pk": 4, "fields": {"name": "Can add permission", "content_type": 2, "codename": "add_permission"}}, {"model": "auth.permission", "pk": 5, "fields": {"name": "Can change permission", "content_type": 2, "codename": "change_permission"}}, {"model": "auth.permission", "pk": 6, "fields": {"name": "Can delete permission", "content_type": 2, "codename": "delete_permission"}}, {"model": "auth.permission", "pk": 7, "fields": {"name": "Can add group", "content_type": 3, "codename": "add_group"}}, {"model": "auth.permission", "pk": 8, "fields": {"name": "Can change group", "content_type": 3, "codename": "change_group"}}, {"model": "auth.permission", "pk": 9, "fields": {"name": "Can delete group", "content_type": 3, "codename": "delete_group"}}, {"model": "auth.permission", "pk": 10, "fields": {"name": "Can add user", "content_type": 4, "codename": "add_user"}}, {"model": "auth.permission", "pk": 11, "fields": {"name": "Can change user", "content_type": 4, "codename": "change_user"}}, {"model": "auth.permission", "pk": 12, "fields": {"name": "Can delete user", "content_type": 4, "codename": "delete_user"}}, {"model": "auth.permission", "pk": 13, "fields": {"name": "Can add content type", "content_type": 5, "codename": "add_contenttype"}}, {"model": "auth.permission", "pk": 14, "fields": {"name": "Can change content type", "content_type": 5, "codename": "change_contenttype"}}, {"model": "auth.permission", "pk": 15, "fields": {"name": "Can delete content type", "content_type": 5, "codename": "delete_contenttype"}}, {"model": "auth.permission", "pk": 16, "fields": {"name": "Can add session", "content_type": 6, "codename": "add_session"}}, {"model": "auth.permission", "pk": 17, "fields": {"name": "Can change session", "content_type": 6, "codename": "change_session"}}, {"model": "auth.permission", "pk": 18, "fields": {"name": "Can delete session", "content_type": 6, "codename": "delete_session"}}, {"model": "auth.permission", "pk": 19, "fields": {"name": "Can add spanish_ alternative", "content_type": 7, "codename": "add_spanish_alternative"}}, {"model": "auth.permission", "pk": 20, "fields": {"name": "Can change spanish_ alternative", "content_type": 7, "codename": "change_spanish_alternative"}}, {"model": "auth.permission", "pk": 21, "fields": {"name": "Can delete spanish_ alternative", "content_type": 7, "codename": "delete_spanish_alternative"}}, {"model": "auth.permission", "pk": 22, "fields": {"name": "Can add english_ entry", "content_type": 8, "codename": "add_english_entry"}}, {"model": "auth.permission", "pk": 23, "fields": {"name": "Can change english_ entry", "content_type": 8, "codename": "change_english_entry"}}, {"model": "auth.permission", "pk": 24, "fields": {"name": "Can delete english_ entry", "content_type": 8, "codename": "delete_english_entry"}}, {"model": "auth.permission", "pk": 25, "fields": {"name": "Can add theme", "content_type": 9, "codename": "add_theme"}}, {"model": "auth.permission", "pk": 26, "fields": {"name": "Can change theme", "content_type": 9, "codename": "change_theme"}}, {"model": "auth.permission", "pk": 27, "fields": {"name": "Can delete theme", "content_type": 9, "codename": "delete_theme"}}, {"model": "auth.permission", "pk": 28, "fields": {"name": "Can add english_ alternative", "content_type": 10, "codename": "add_english_alternative"}}, {"model": "auth.permission", "pk": 29, "fields": {"name": "Can change english_ alternative", "content_type": 10, "codename": "change_english_alternative"}}, {"model": "auth.permission", "pk": 30, "fields": {"name": "Can delete english_ alternative", "content_type": 10, "codename": "delete_english_alternative"}}, {"model": "auth.permission", "pk": 31, "fields": {"name": "Can add comment", "content_type": 11, "codename": "add_comment"}}, {"model": "auth.permission", "pk": 32, "fields": {"name": "Can change comment", "content_type": 11, "codename": "change_comment"}}, {"model": "auth.permission", "pk": 33, "fields": {"name": "Can delete comment", "content_type": 11, "codename": "delete_comment"}}, {"model": "auth.permission", "pk": 34, "fields": {"name": "Can add chapter", "content_type": 12, "codename": "add_chapter"}}, {"model": "auth.permission", "pk": 35, "fields": {"name": "Can change chapter", "content_type": 12, "codename": "change_chapter"}}, {"model": "auth.permission", "pk": 36, "fields": {"name": "Can delete chapter", "content_type": 12, "codename": "delete_chapter"}}, {"model": "auth.permission", "pk": 37, "fields": {"name": "Can add spanish_ entry", "content_type": 13, "codename": "add_spanish_entry"}}, {"model": "auth.permission", "pk": 38, "fields": {"name": "Can change spanish_ entry", "content_type": 13, "codename": "change_spanish_entry"}}, {"model": "auth.permission", "pk": 39, "fields": {"name": "Can delete spanish_ entry", "content_type": 13, "codename": "delete_spanish_entry"}}, {"model": "auth.user", "pk": 1, "fields": {"password": "pbkdf2_sha256$36000$k33oISDNWAsh$bKLnrvidMGkKpvHw3hKnr6ytwE1TTOlWKFT3hgpwBp0=", "last_login": "2017-06-30T20:45:54.731Z", "is_superuser": true, "username": "admin", "first_name": "", "last_name": "", "email": "adminalejo@gmail.com", "is_staff": true, "is_active": true, "date_joined": "2017-06-30T20:44:15.076Z", "groups": [], "user_permissions": []}}, {"model": "auth.user", "pk": 2, "fields": {"password": "pbkdf2_sha256$36000$eI0Hxku53AqF$oADXpFmDq4XKiB7rF7XmHdgvA0uwwj2NY4HVBgl5q3c=", "last_login": "2017-07-26T22:57:17.556Z", "is_superuser": true, "username": "alejoadmin", "first_name": "", "last_name": "", "email": "alejo@gmail.com", "is_staff": true, "is_active": true, "date_joined": "2017-07-19T17:19:28.163Z", "groups": [], "user_permissions": []}}, {"model": "admin.logentry", "pk": 1, "fields": {"action_time": "2017-06-30T21:51:24.101Z", "user": 1, "content_type": 12, "object_id": "1", "object_repr": "Chapter object", "action_flag": 1, "change_message": "[{\"added\": {}}]"}}, {"model": "admin.logentry", "pk": 2, "fields": {"action_time": "2017-06-30T21:51:49.146Z", "user": 1, "content_type": 12, "object_id": "1", "object_repr": "Chapter object", "action_flag": 2, "change_message": "[]"}}, {"model": "admin.logentry", "pk": 3, "fields": {"action_time": "2017-06-30T21:54:13.529Z", "user": 1, "content_type": 12, "object_id": "1", "object_repr": "Chapter object", "action_flag": 2, "change_message": "[]"}}, {"model": "admin.logentry", "pk": 4, "fields": {"action_time": "2017-06-30T22:03:05.898Z", "user": 1, "content_type": 9, "object_id": "1", "object_repr": "Electronics", "action_flag": 1, "change_message": "[{\"added\": {}}]"}}, {"model": "admin.logentry", "pk": 5, "fields": {"action_time": "2017-06-30T22:06:05.307Z", "user": 1, "content_type": 8, "object_id": "1", "object_repr": "skin effect", "action_flag": 1, "change_message": "[{\"added\": {}}]"}}, {"model": "admin.logentry", "pk": 6, "fields": {"action_time": "2017-06-30T22:08:39.420Z", "user": 1, "content_type": 13, "object_id": "1", "object_repr": "efecto pel\u00edcula", "action_flag": 1, "change_message": "[{\"added\": {}}]"}}, {"model": "admin.logentry", "pk": 7, "fields": {"action_time": "2017-06-30T22:09:13.202Z", "user": 1, "content_type": 13, "object_id": "1", "object_repr": "efecto pel\u00edcula", "action_flag": 2, "change_message": "[]"}}, {"model": "admin.logentry", "pk": 8, "fields": {"action_time": "2017-06-30T22:10:55.693Z", "user": 1, "content_type": 11, "object_id": "1", "object_repr": "El principal problema con el efecto pel\u00edcula es que aumenta la resistencia efectiva de un alambre para la corriente alterna, desde frecuencias moderadas hasta altas, en comparaci\u00f3n con la resistencia ", "action_flag": 1, "change_message": "[{\"added\": {}}]"}}
 ]